,symbol,date,open,close,volume,high,low,split,dividend
0,MSFT,2019-12-31T00:00:00+0000,156.77,157.7,18393383.0,157.77,156.45,1.0,0.0
1,MSFT,2019-12-30T00:00:00+0000,158.9865,157.59,16356720.0,159.02,156.73,1.0,0.0
2,MSFT,2019-12-27T00:00:00+0000,159.45,158.96,18414352.0,159.55,158.22,1.0,0.0
3,MSFT,2019-12-26T00:00:00+0000,157.5511,158.67,14526927.0,158.73,157.4,1.0,0.0
4,MSFT,2019-12-24T00:00:00+0000,157.48,157.38,8989150.0,157.71,157.115,1.0,0.0
5,MSFT,2019-12-23T00:00:00+0000,158.12,157.41,17726283.0,158.12,157.27,1.0,0.0
6,MSFT,2019-12-20T00:00:00+0000,157.35,157.41,53599613.0,158.49,156.29,1.0,0.0
7,MSFT,2019-12-19T00:00:00+0000,154.0,155.71,25813825.0,155.77,153.75,1.0,0.0
8,MSFT,2019-12-18T00:00:00+0000,154.3,154.37,24132379.0,155.48,154.18,1.0,0.0
9,MSFT,2019-12-17T00:00:00+0000,155.45,154.69,25443527.0,155.71,154.45,1.0,0.0
10,MSFT,2019-12-16T00:00:00+0000,155.11,155.53,24152770.0,155.9,154.82,1.0,0.0
11,MSFT,2019-12-13T00:00:00+0000,153.1106,154.53,23850062.0,154.89,152.83,1.0,0.0
12,MSFT,2019-12-12T00:00:00+0000,151.65,153.24,24645366.0,153.44,151.02,1.0,0.0
13,MSFT,2019-12-11T00:00:00+0000,151.54,151.7,18860001.0,151.87,150.33,1.0,0.0
14,MSFT,2019-12-10T00:00:00+0000,151.29,151.13,16481060.0,151.89,150.765,1.0,0.0
15,MSFT,2019-12-09T00:00:00+0000,151.07,151.36,16741350.0,152.21,150.91,1.0,0.0
16,MSFT,2019-12-06T00:00:00+0000,150.99,151.75,16410400.0,151.87,150.27,1.0,0.0
17,MSFT,2019-12-05T00:00:00+0000,150.05,149.93,17880601.0,150.32,149.48,1.0,0.0
18,MSFT,2019-12-04T00:00:00+0000,150.14,149.85,17580617.0,150.1799,149.2,1.0,0.0
19,MSFT,2019-12-03T00:00:00+0000,147.49,149.31,25192145.0,149.43,146.65,1.0,0.0
20,MSFT,2019-12-02T00:00:00+0000,151.81,149.55,27473616.0,151.83,148.32,1.0,0.0
21,MSFT,2019-11-29T00:00:00+0000,152.1,151.38,11977300.0,152.3,151.28,1.0,0.0
22,MSFT,2019-11-27T00:00:00+0000,152.33,152.32,15201293.0,152.5,151.52,1.0,0.0
23,MSFT,2019-11-26T00:00:00+0000,151.36,152.03,24635100.0,152.42,151.32,1.0,0.0
24,MSFT,2019-11-25T00:00:00+0000,150.0,151.23,22428585.0,151.35,149.92,1.0,0.0
25,MSFT,2019-11-22T00:00:00+0000,150.07,149.59,15841680.0,150.3,148.82,1.0,0.0
26,MSFT,2019-11-21T00:00:00+0000,149.4,149.48,18576083.0,149.8,148.501,1.0,0.0
27,MSFT,2019-11-20T00:00:00+0000,150.31,149.62,25720060.0,150.84,148.46,1.0,0.51
28,MSFT,2019-11-19T00:00:00+0000,150.88,150.39,23960164.0,151.33,150.195,1.0,0.0
29,MSFT,2019-11-18T00:00:00+0000,150.07,150.34,21554762.0,150.55,148.98,1.0,0.0
30,MSFT,2019-11-15T00:00:00+0000,148.93,149.97,23508807.0,149.99,148.27,1.0,0.0
31,MSFT,2019-11-14T00:00:00+0000,147.02,148.06,19755100.0,148.41,147.0,1.0,0.0
32,MSFT,2019-11-13T00:00:00+0000,146.74,147.31,17444230.0,147.4625,146.28,1.0,0.0
33,MSFT,2019-11-12T00:00:00+0000,146.28,147.07,18648712.0,147.57,146.06,1.0,0.0
34,MSFT,2019-11-11T00:00:00+0000,145.34,146.11,14370178.0,146.42,144.73,1.0,0.0
35,MSFT,2019-11-08T00:00:00+0000,143.98,145.96,16752939.0,145.99,143.76,1.0,0.0
36,MSFT,2019-11-07T00:00:00+0000,143.84,144.26,17786715.0,144.88,143.77,1.0,0.0
37,MSFT,2019-11-06T00:00:00+0000,144.37,144.06,16575798.0,144.52,143.2,1.0,0.0
38,MSFT,2019-11-05T00:00:00+0000,144.97,144.46,18250172.0,145.02,143.905,1.0,0.0
39,MSFT,2019-11-04T00:00:00+0000,144.83,144.55,16911999.0,145.0,144.16,1.0,0.0
40,MSFT,2019-11-01T00:00:00+0000,144.26,143.72,33128366.0,144.42,142.965,1.0,0.0
41,MSFT,2019-10-31T00:00:00+0000,144.9,143.37,24605135.0,144.93,142.99,1.0,0.0
42,MSFT,2019-10-30T00:00:00+0000,143.52,144.61,18496591.0,145.0,142.79,1.0,0.0
43,MSFT,2019-10-29T00:00:00+0000,144.08,142.83,20589469.0,144.5,142.65,1.0,0.0
44,MSFT,2019-10-28T00:00:00+0000,144.4,144.19,34912902.0,145.67,143.51,1.0,0.0
45,MSFT,2019-10-25T00:00:00+0000,139.34,140.73,25959724.0,141.14,139.2,1.0,0.0
46,MSFT,2019-10-24T00:00:00+0000,139.39,139.94,37278399.0,140.42,138.67,1.0,0.0
47,MSFT,2019-10-23T00:00:00+0000,136.88,137.24,31380309.0,137.45,135.61,1.0,0.0
48,MSFT,2019-10-22T00:00:00+0000,138.97,136.37,27935270.0,140.01,136.26,1.0,0.0
49,MSFT,2019-10-21T00:00:00+0000,138.45,138.43,20078066.0,138.5,137.01,1.0,0.0
50,MSFT,2019-10-18T00:00:00+0000,139.76,137.41,30650850.0,140.0,136.56,1.0,0.0
51,MSFT,2019-10-17T00:00:00+0000,140.95,139.69,22102797.0,141.42,139.02,1.0,0.0
52,MSFT,2019-10-16T00:00:00+0000,140.79,140.41,20841687.0,140.99,139.53,1.0,0.0
53,MSFT,2019-10-15T00:00:00+0000,140.06,141.575,19917762.0,141.79,139.81,1.0,0.0
54,MSFT,2019-10-14T00:00:00+0000,139.69,139.55,13591639.0,140.29,139.52,1.0,0.0
55,MSFT,2019-10-11T00:00:00+0000,140.12,139.68,25551065.0,141.03,139.5,1.0,0.0
56,MSFT,2019-10-10T00:00:00+0000,138.49,139.1,18396605.0,139.6699,138.25,1.0,0.0
57,MSFT,2019-10-09T00:00:00+0000,137.46,138.24,20178482.0,138.7,136.97,1.0,0.0
58,MSFT,2019-10-08T00:00:00+0000,137.08,135.67,26783336.0,137.76,135.62,1.0,0.0
59,MSFT,2019-10-07T00:00:00+0000,137.14,137.12,16601284.0,138.18,137.02,1.0,0.0
60,MSFT,2019-10-04T00:00:00+0000,136.75,138.12,23839548.0,138.25,136.42,1.0,0.0
61,MSFT,2019-10-03T00:00:00+0000,134.95,136.28,26379798.0,136.75,133.22,1.0,0.0
62,MSFT,2019-10-02T00:00:00+0000,136.25,134.65,32001763.0,136.37,133.5799,1.0,0.0
63,MSFT,2019-10-01T00:00:00+0000,139.66,137.07,22581929.0,140.25,137.0,1.0,0.0
64,MSFT,2019-09-30T00:00:00+0000,138.05,139.03,18430390.0,139.215,137.78,1.0,0.0
65,MSFT,2019-09-27T00:00:00+0000,140.15,137.73,22498958.0,140.36,136.645,1.0,0.0
66,MSFT,2019-09-26T00:00:00+0000,139.44,139.54,17813512.0,140.18,138.44,1.0,0.0
67,MSFT,2019-09-25T00:00:00+0000,137.5,139.36,22544054.0,139.958,136.03,1.0,0.0
68,MSFT,2019-09-24T00:00:00+0000,140.36,137.38,30016670.0,140.69,136.88,1.0,0.0
69,MSFT,2019-09-23T00:00:00+0000,139.23,139.14,17408374.0,139.63,138.44,1.0,0.0
70,MSFT,2019-09-20T00:00:00+0000,141.01,139.44,40040766.0,141.65,138.25,1.0,0.0
71,MSFT,2019-09-19T00:00:00+0000,140.3,141.07,36095413.0,142.37,140.0736,1.0,0.0
72,MSFT,2019-09-18T00:00:00+0000,137.36,138.52,24473386.0,138.67,136.5299,1.0,0.0
73,MSFT,2019-09-17T00:00:00+0000,136.96,137.39,17976285.0,137.52,136.425,1.0,0.0
74,MSFT,2019-09-16T00:00:00+0000,135.83,136.33,16731440.0,136.7,135.66,1.0,0.0
75,MSFT,2019-09-13T00:00:00+0000,137.78,137.32,23363057.0,138.06,136.57,1.0,0.0
76,MSFT,2019-09-12T00:00:00+0000,137.85,137.52,27009981.0,138.42,136.87,1.0,0.0
77,MSFT,2019-09-11T00:00:00+0000,135.91,136.12,24726117.0,136.27,135.09,1.0,0.0
78,MSFT,2019-09-10T00:00:00+0000,136.8,136.08,28903378.0,136.8862,134.51,1.0,0.0
79,MSFT,2019-09-09T00:00:00+0000,139.59,137.52,25773932.0,139.75,136.46,1.0,0.0
80,MSFT,2019-09-06T00:00:00+0000,140.03,139.1,20824504.0,140.18,138.2,1.0,0.0
81,MSFT,2019-09-05T00:00:00+0000,139.11,140.05,26119520.0,140.3837,138.76,1.0,0.0
82,MSFT,2019-09-04T00:00:00+0000,137.3,137.63,18015310.0,137.69,136.48,1.0,0.0
83,MSFT,2019-09-03T00:00:00+0000,136.61,136.04,18880773.0,137.2,135.7,1.0,0.0
84,MSFT,2019-08-30T00:00:00+0000,139.15,137.86,23946123.0,139.18,136.27,1.0,0.0
85,MSFT,2019-08-29T00:00:00+0000,137.25,138.12,20179716.0,138.44,136.91,1.0,0.0
86,MSFT,2019-08-28T00:00:00+0000,134.88,135.56,17343042.0,135.76,133.55,1.0,0.0
87,MSFT,2019-08-27T00:00:00+0000,136.39,135.74,23115635.0,136.72,134.66,1.0,0.0
88,MSFT,2019-08-26T00:00:00+0000,134.99,135.45,20325271.0,135.56,133.9,1.0,0.0
89,MSFT,2019-08-23T00:00:00+0000,137.1897,133.39,38515386.0,138.35,132.8,1.0,0.0
90,MSFT,2019-08-22T00:00:00+0000,138.66,137.78,18709662.0,139.2,136.29,1.0,0.0
91,MSFT,2019-08-21T00:00:00+0000,138.55,138.79,14982314.0,139.4935,138.0,1.0,0.0
92,MSFT,2019-08-20T00:00:00+0000,138.21,137.26,21188998.0,138.71,137.24,1.0,0.0
93,MSFT,2019-08-19T00:00:00+0000,137.855,138.41,24370543.0,138.55,136.885,1.0,0.0
94,MSFT,2019-08-16T00:00:00+0000,134.88,136.13,25026151.0,136.46,134.72,1.0,0.0
95,MSFT,2019-08-15T00:00:00+0000,134.39,133.68,28125416.0,134.58,132.25,1.0,0.0
96,MSFT,2019-08-14T00:00:00+0000,136.36,133.98,32527251.0,136.92,133.67,1.0,0.46
97,MSFT,2019-08-13T00:00:00+0000,136.05,138.6,25496593.0,138.8,135.0,1.0,0.0
98,MSFT,2019-08-12T00:00:00+0000,137.07,135.79,20484348.0,137.86,135.24,1.0,0.0
99,MSFT,2019-08-09T00:00:00+0000,138.61,137.71,23466701.0,139.38,136.46,1.0,0.0
100,MSFT,2019-08-08T00:00:00+0000,136.6,138.89,27496508.0,138.99,135.93,1.0,0.0
101,MSFT,2019-08-07T00:00:00+0000,133.79,135.28,33414539.0,135.65,131.8284,1.0,0.0
102,MSFT,2019-08-06T00:00:00+0000,133.8,134.69,32696651.0,135.68,133.21,1.0,0.0
103,MSFT,2019-08-05T00:00:00+0000,133.3,132.21,42749551.0,133.9298,130.78,1.0,0.0
104,MSFT,2019-08-02T00:00:00+0000,138.09,136.9,30791624.0,138.32,135.26,1.0,0.0
105,MSFT,2019-08-01T00:00:00+0000,137.0,138.06,40557502.0,140.9383,136.93,1.0,0.0
106,MSFT,2019-07-31T00:00:00+0000,140.33,136.27,38598786.0,140.49,135.08,1.0,0.0
107,MSFT,2019-07-30T00:00:00+0000,140.14,140.35,16846528.0,141.2199,139.8005,1.0,0.0
108,MSFT,2019-07-29T00:00:00+0000,141.5,141.03,16605870.0,141.51,139.3663,1.0,0.0
109,MSFT,2019-07-26T00:00:00+0000,140.37,141.34,19037600.0,141.675,140.3,1.0,0.0
110,MSFT,2019-07-25T00:00:00+0000,140.43,140.19,18356859.0,140.61,139.3215,1.0,0.0
111,MSFT,2019-07-24T00:00:00+0000,138.9,140.72,20738275.0,140.74,138.85,1.0,0.0
112,MSFT,2019-07-23T00:00:00+0000,139.76,139.29,18034589.0,139.99,138.03,1.0,0.0
113,MSFT,2019-07-22T00:00:00+0000,137.41,138.43,25080760.0,139.19,137.33,1.0,0.0
114,MSFT,2019-07-19T00:00:00+0000,140.22,136.62,48992364.0,140.67,136.45,1.0,0.0
115,MSFT,2019-07-18T00:00:00+0000,135.55,136.42,30808707.0,136.62,134.67,1.0,0.0
116,MSFT,2019-07-17T00:00:00+0000,137.7,136.27,20210956.0,137.93,136.22,1.0,0.0
117,MSFT,2019-07-16T00:00:00+0000,138.96,137.08,22726128.0,139.05,136.52,1.0,0.0
118,MSFT,2019-07-15T00:00:00+0000,139.44,138.9,16651457.0,139.54,138.46,1.0,0.0
119,MSFT,2019-07-12T00:00:00+0000,138.85,138.9,18936832.0,139.13,138.0099,1.0,0.0
120,MSFT,2019-07-11T00:00:00+0000,138.2,138.4,22327942.0,139.22,137.87,1.0,0.0
121,MSFT,2019-07-10T00:00:00+0000,137.13,137.85,24204362.0,138.58,137.02,1.0,0.0
122,MSFT,2019-07-09T00:00:00+0000,136.0,136.46,19953097.0,136.97,135.8,1.0,0.0
123,MSFT,2019-07-08T00:00:00+0000,136.4,136.96,16779748.0,137.1,135.3701,1.0,0.0
124,MSFT,2019-07-05T00:00:00+0000,135.94,137.06,18141140.0,137.33,135.72,1.0,0.0
125,MSFT,2019-07-03T00:00:00+0000,136.8,137.46,13629296.0,137.74,136.295,1.0,0.0
126,MSFT,2019-07-02T00:00:00+0000,136.12,136.58,15237843.0,136.59,135.34,1.0,0.0
127,MSFT,2019-07-01T00:00:00+0000,136.63,135.68,22654160.0,136.7,134.97,1.0,0.0
128,MSFT,2019-06-28T00:00:00+0000,134.57,133.96,30042969.0,134.6,133.1558,1.0,0.0
129,MSFT,2019-06-27T00:00:00+0000,134.14,134.15,16557482.0,134.71,133.51,1.0,0.0
130,MSFT,2019-06-26T00:00:00+0000,134.35,133.93,23657745.0,135.74,133.6,1.0,0.0
131,MSFT,2019-06-25T00:00:00+0000,137.25,133.43,33327420.0,137.59,132.73,1.0,0.0
132,MSFT,2019-06-24T00:00:00+0000,137.0,137.78,20628841.0,138.4,137.0,1.0,0.0
133,MSFT,2019-06-21T00:00:00+0000,136.58,136.97,36727892.0,137.73,136.46,1.0,0.0
134,MSFT,2019-06-20T00:00:00+0000,137.45,136.95,33042592.0,137.66,135.72,1.0,0.0
135,MSFT,2019-06-19T00:00:00+0000,135.0,135.69,23744441.0,135.93,133.81,1.0,0.0
136,MSFT,2019-06-18T00:00:00+0000,134.19,135.16,25934458.0,135.24,133.57,1.0,0.0
137,MSFT,2019-06-17T00:00:00+0000,132.63,132.85,14517785.0,133.73,132.53,1.0,0.0
138,MSFT,2019-06-14T00:00:00+0000,132.26,132.45,17821703.0,133.79,131.64,1.0,0.0
139,MSFT,2019-06-13T00:00:00+0000,131.98,132.32,17200848.0,132.67,131.56,1.0,0.0
140,MSFT,2019-06-12T00:00:00+0000,131.4,131.49,17092464.0,131.97,130.71,1.0,0.0
141,MSFT,2019-06-11T00:00:00+0000,133.88,132.1,23913731.0,134.24,131.2757,1.0,0.0
142,MSFT,2019-06-10T00:00:00+0000,132.4,132.6,26477098.0,134.08,132.0,1.0,0.0
143,MSFT,2019-06-07T00:00:00+0000,129.19,131.4,33885588.0,132.25,128.26,1.0,0.0
144,MSFT,2019-06-06T00:00:00+0000,126.44,127.82,21458961.0,127.97,125.6,1.0,0.0
145,MSFT,2019-06-05T00:00:00+0000,124.95,125.83,24926140.0,125.87,124.21,1.0,0.0
146,MSFT,2019-06-04T00:00:00+0000,121.28,123.16,29382642.0,123.28,120.6522,1.0,0.0
147,MSFT,2019-06-03T00:00:00+0000,123.85,119.84,37983637.0,124.37,119.01,1.0,0.0
148,MSFT,2019-05-31T00:00:00+0000,124.23,123.68,26646769.0,124.615,123.32,1.0,0.0
149,MSFT,2019-05-30T00:00:00+0000,125.26,125.73,16829613.0,125.76,124.78,1.0,0.0
150,MSFT,2019-05-29T00:00:00+0000,125.38,124.94,22763140.0,125.39,124.04,1.0,0.0
151,MSFT,2019-05-28T00:00:00+0000,126.98,126.16,23128359.0,128.0,126.05,1.0,0.0
152,MSFT,2019-05-24T00:00:00+0000,126.91,126.24,14123358.0,127.415,125.97,1.0,0.0
153,MSFT,2019-05-23T00:00:00+0000,126.2,126.18,23603810.0,126.29,124.74,1.0,0.0
154,MSFT,2019-05-22T00:00:00+0000,126.62,127.67,15396485.0,128.24,126.52,1.0,0.0
155,MSFT,2019-05-21T00:00:00+0000,127.43,126.9,15293260.0,127.5273,126.58,1.0,0.0
156,MSFT,2019-05-20T00:00:00+0000,126.52,126.22,23706934.0,127.5894,125.7607,1.0,0.0
157,MSFT,2019-05-17T00:00:00+0000,128.305,128.07,25770539.0,130.46,127.92,1.0,0.0
158,MSFT,2019-05-16T00:00:00+0000,126.75,128.93,30112216.0,129.38,126.46,1.0,0.0
159,MSFT,2019-05-15T00:00:00+0000,124.26,126.02,24722708.0,126.71,123.7,1.0,0.46
160,MSFT,2019-05-14T00:00:00+0000,123.87,124.73,25266315.0,125.88,123.7,1.0,0.0
161,MSFT,2019-05-13T00:00:00+0000,124.11,123.35,33944923.0,125.55,123.04,1.0,0.0
162,MSFT,2019-05-10T00:00:00+0000,124.91,127.13,30915084.0,127.93,123.82,1.0,0.0
163,MSFT,2019-05-09T00:00:00+0000,124.29,125.5,27235835.0,125.79,123.57,1.0,0.0
164,MSFT,2019-05-08T00:00:00+0000,125.44,125.51,28418996.0,126.37,124.75,1.0,0.0
165,MSFT,2019-05-07T00:00:00+0000,126.46,125.52,36017661.0,127.18,124.22,1.0,0.0
166,MSFT,2019-05-06T00:00:00+0000,126.39,128.15,24239464.0,128.56,126.11,1.0,0.0
167,MSFT,2019-05-03T00:00:00+0000,127.36,128.9,24911126.0,129.43,127.25,1.0,0.0
168,MSFT,2019-05-02T00:00:00+0000,127.98,126.21,27350161.0,128.0,125.52,1.0,0.0
169,MSFT,2019-05-01T00:00:00+0000,130.53,127.88,26821692.0,130.65,127.7,1.0,0.0
170,MSFT,2019-04-30T00:00:00+0000,129.81,130.6,24166503.0,130.7,129.3947,1.0,0.0
171,MSFT,2019-04-29T00:00:00+0000,129.9,129.77,16324183.0,130.18,129.35,1.0,0.0
172,MSFT,2019-04-26T00:00:00+0000,129.7,129.89,23654933.0,130.5152,129.02,1.0,0.0
173,MSFT,2019-04-25T00:00:00+0000,130.06,129.15,38033892.0,131.37,128.83,1.0,0.0
174,MSFT,2019-04-24T00:00:00+0000,125.79,125.01,31256980.0,125.85,124.52,1.0,0.0
175,MSFT,2019-04-23T00:00:00+0000,124.1,125.44,24025521.0,125.58,123.83,1.0,0.0
176,MSFT,2019-04-22T00:00:00+0000,122.62,123.76,15648724.0,124.0,122.57,1.0,0.0
177,MSFT,2019-04-18T00:00:00+0000,122.19,123.37,27990998.0,123.52,121.3018,1.0,0.0
178,MSFT,2019-04-17T00:00:00+0000,121.24,121.77,19300938.0,121.85,120.54,1.0,0.0
179,MSFT,2019-04-16T00:00:00+0000,121.64,120.77,14071787.0,121.65,120.1,1.0,0.0
180,MSFT,2019-04-15T00:00:00+0000,120.94,121.05,15792572.0,121.58,120.57,1.0,0.0
181,MSFT,2019-04-12T00:00:00+0000,120.64,120.95,19745143.0,120.98,120.37,1.0,0.0
182,MSFT,2019-04-11T00:00:00+0000,120.54,120.33,14209121.0,120.85,119.92,1.0,0.0
183,MSFT,2019-04-10T00:00:00+0000,119.76,120.19,16477169.0,120.35,119.54,1.0,0.0
184,MSFT,2019-04-09T00:00:00+0000,118.63,119.28,17611981.0,119.54,118.58,1.0,0.0
185,MSFT,2019-04-08T00:00:00+0000,119.81,119.93,15116186.0,120.02,118.64,1.0,0.0
186,MSFT,2019-04-05T00:00:00+0000,119.39,119.89,15826245.0,120.23,119.37,1.0,0.0
187,MSFT,2019-04-04T00:00:00+0000,120.1,119.36,20112848.0,120.23,118.38,1.0,0.0
188,MSFT,2019-04-03T00:00:00+0000,119.86,119.97,22860744.0,120.43,119.15,1.0,0.0
189,MSFT,2019-04-02T00:00:00+0000,119.06,119.19,18142297.0,119.48,118.52,1.0,0.0
190,MSFT,2019-04-01T00:00:00+0000,118.95,119.02,22789103.0,119.1085,118.1,1.0,0.0
191,MSFT,2019-03-29T00:00:00+0000,118.07,117.94,25399752.0,118.32,116.96,1.0,0.0
192,MSFT,2019-03-28T00:00:00+0000,117.44,116.93,18334755.0,117.58,116.13,1.0,0.0
193,MSFT,2019-03-27T00:00:00+0000,117.875,116.77,22733427.0,118.21,115.5215,1.0,0.0
194,MSFT,2019-03-26T00:00:00+0000,118.62,117.91,26097665.0,118.705,116.85,1.0,0.0
195,MSFT,2019-03-25T00:00:00+0000,116.56,117.66,27067117.0,118.01,116.3224,1.0,0.0
196,MSFT,2019-03-22T00:00:00+0000,119.5,117.05,33624528.0,119.59,117.04,1.0,0.0
197,MSFT,2019-03-21T00:00:00+0000,117.135,120.22,29854446.0,120.82,117.09,1.0,0.0
198,MSFT,2019-03-20T00:00:00+0000,117.39,117.52,28113343.0,118.75,116.71,1.0,0.0
199,MSFT,2019-03-19T00:00:00+0000,118.09,117.65,37588697.0,118.44,116.99,1.0,0.0
200,MSFT,2019-03-18T00:00:00+0000,116.17,117.57,31207596.0,117.61,116.05,1.0,0.0
201,MSFT,2019-03-15T00:00:00+0000,115.34,115.91,54630661.0,117.25,114.59,1.0,0.0
202,MSFT,2019-03-14T00:00:00+0000,114.54,114.59,30763367.0,115.2,114.33,1.0,0.0
203,MSFT,2019-03-13T00:00:00+0000,114.13,114.5,35513771.0,115.0,113.78,1.0,0.0
204,MSFT,2019-03-12T00:00:00+0000,112.82,113.62,26132717.0,113.99,112.6499,1.0,0.0
205,MSFT,2019-03-11T00:00:00+0000,110.99,112.83,26491618.0,112.95,110.98,1.0,0.0
206,MSFT,2019-03-08T00:00:00+0000,109.16,110.51,22818430.0,110.71,108.8,1.0,0.0
207,MSFT,2019-03-07T00:00:00+0000,111.4,110.39,25338954.0,111.55,109.865,1.0,0.0
208,MSFT,2019-03-06T00:00:00+0000,111.87,111.75,17686996.0,112.66,111.43,1.0,0.0
209,MSFT,2019-03-05T00:00:00+0000,112.25,111.7,19538318.0,112.39,111.23,1.0,0.0
210,MSFT,2019-03-04T00:00:00+0000,113.02,112.26,26608014.0,113.25,110.8,1.0,0.0
211,MSFT,2019-03-01T00:00:00+0000,112.89,112.53,23501169.0,113.02,111.665,1.0,0.0
212,MSFT,2019-02-28T00:00:00+0000,112.04,112.03,29083934.0,112.88,111.73,1.0,0.0
213,MSFT,2019-02-27T00:00:00+0000,111.69,112.17,21487062.0,112.36,110.88,1.0,0.0
214,MSFT,2019-02-26T00:00:00+0000,111.26,112.36,21536733.0,113.24,111.17,1.0,0.0
215,MSFT,2019-02-25T00:00:00+0000,111.76,111.59,23750599.0,112.18,111.26,1.0,0.0
216,MSFT,2019-02-22T00:00:00+0000,110.05,110.97,27763218.0,111.2,109.82,1.0,0.0
217,MSFT,2019-02-21T00:00:00+0000,106.9,109.41,29063231.0,109.48,106.87,1.0,0.0
218,MSFT,2019-02-20T00:00:00+0000,107.86,107.15,21607671.0,107.94,106.29,1.0,0.46
219,MSFT,2019-02-19T00:00:00+0000,107.79,108.17,18038460.0,108.66,107.78,1.0,0.0
220,MSFT,2019-02-15T00:00:00+0000,107.91,108.22,26606886.0,108.3,107.3624,1.0,0.0
221,MSFT,2019-02-14T00:00:00+0000,106.31,106.9,21784703.0,107.29,105.66,1.0,0.0
222,MSFT,2019-02-13T00:00:00+0000,107.5,106.81,18394869.0,107.78,106.71,1.0,0.0
223,MSFT,2019-02-12T00:00:00+0000,106.14,106.89,25056595.0,107.14,105.48,1.0,0.0
224,MSFT,2019-02-11T00:00:00+0000,106.2,105.25,18914123.0,106.58,104.965,1.0,0.0
225,MSFT,2019-02-08T00:00:00+0000,104.39,105.67,21461093.0,105.78,104.2603,1.0,0.0
226,MSFT,2019-02-07T00:00:00+0000,105.185,105.27,29760697.0,105.59,104.29,1.0,0.0
227,MSFT,2019-02-06T00:00:00+0000,107.0,106.03,20609759.0,107.0,105.53,1.0,0.0
228,MSFT,2019-02-05T00:00:00+0000,106.06,107.22,27325365.0,107.27,105.96,1.0,0.0
229,MSFT,2019-02-04T00:00:00+0000,102.87,105.74,31315282.0,105.8,102.77,1.0,0.0
230,MSFT,2019-02-01T00:00:00+0000,103.775,102.78,35535690.0,104.0999,102.35,1.0,0.0
231,MSFT,2019-01-31T00:00:00+0000,103.8,104.43,55636391.0,105.22,103.18,1.0,0.0
232,MSFT,2019-01-30T00:00:00+0000,104.62,106.38,49471866.0,106.38,104.33,1.0,0.0
233,MSFT,2019-01-29T00:00:00+0000,104.88,102.94,31490547.0,104.97,102.17,1.0,0.0
234,MSFT,2019-01-28T00:00:00+0000,106.26,105.08,29476719.0,106.48,104.66,1.0,0.0
235,MSFT,2019-01-25T00:00:00+0000,107.24,107.17,31218193.0,107.88,106.59,1.0,0.0
236,MSFT,2019-01-24T00:00:00+0000,106.86,106.2,23164838.0,107.0,105.34,1.0,0.0
237,MSFT,2019-01-23T00:00:00+0000,106.12,106.71,25874294.0,107.04,105.34,1.0,0.0
238,MSFT,2019-01-22T00:00:00+0000,106.75,105.68,32371253.0,107.1,104.86,1.0,0.0
239,MSFT,2019-01-18T00:00:00+0000,107.46,107.71,37427587.0,107.9,105.91,1.0,0.0
240,MSFT,2019-01-17T00:00:00+0000,105.0,106.12,28393015.0,106.625,104.76,1.0,0.0
241,MSFT,2019-01-16T00:00:00+0000,105.26,105.38,29853865.0,106.255,104.96,1.0,0.0
242,MSFT,2019-01-15T00:00:00+0000,102.51,105.01,31587616.0,105.05,101.88,1.0,0.0
243,MSFT,2019-01-14T00:00:00+0000,101.9,102.05,28437079.0,102.8716,101.26,1.0,0.0
244,MSFT,2019-01-11T00:00:00+0000,103.19,102.8,28314202.0,103.44,101.64,1.0,0.0
245,MSFT,2019-01-10T00:00:00+0000,103.22,103.6,30067556.0,103.75,102.38,1.0,0.0
246,MSFT,2019-01-09T00:00:00+0000,103.86,104.27,32280840.0,104.88,103.2445,1.0,0.0
247,MSFT,2019-01-08T00:00:00+0000,103.04,102.8,31514415.0,103.97,101.7134,1.0,0.0
248,MSFT,2019-01-07T00:00:00+0000,101.64,102.06,35656136.0,103.2681,100.98,1.0,0.0
249,MSFT,2019-01-04T00:00:00+0000,99.72,101.93,44060620.0,102.51,98.93,1.0,0.0
250,MSFT,2019-01-03T00:00:00+0000,100.1,97.4,42578410.0,100.185,97.2,1.0,0.0
251,MSFT,2019-01-02T00:00:00+0000,99.55,101.12,35329345.0,101.75,98.94,1.0,0.0
252,MSFT,2018-12-31T00:00:00+0000,101.29,101.57,33173765.0,102.4,100.44,1.0,0.0
253,MSFT,2018-12-28T00:00:00+0000,102.09,100.39,38169312.0,102.41,99.52,1.0,0.0
254,MSFT,2018-12-27T00:00:00+0000,99.3,101.18,49498509.0,101.19,96.4,1.0,0.0
255,MSFT,2018-12-26T00:00:00+0000,95.14,100.56,51634793.0,100.69,93.96,1.0,0.0
256,MSFT,2018-12-24T00:00:00+0000,97.68,94.13,43935192.0,97.97,93.98,1.0,0.0
257,MSFT,2018-12-21T00:00:00+0000,101.63,98.23,111242070.0,103.0,97.46,1.0,0.0
258,MSFT,2018-12-20T00:00:00+0000,103.05,101.51,70334184.0,104.31,98.78,1.0,0.0
259,MSFT,2018-12-19T00:00:00+0000,103.65,103.69,68198186.0,106.88,101.35,1.0,0.0
260,MSFT,2018-12-18T00:00:00+0000,103.75,103.97,49319196.0,104.51,102.52,1.0,0.0
261,MSFT,2018-12-17T00:00:00+0000,105.41,102.89,56957314.0,105.8,101.71,1.0,0.0
262,MSFT,2018-12-14T00:00:00+0000,108.25,106.03,47043136.0,109.26,105.5,1.0,0.0
263,MSFT,2018-12-13T00:00:00+0000,109.58,109.45,31333362.0,110.87,108.63,1.0,0.0
264,MSFT,2018-12-12T00:00:00+0000,110.89,109.08,36183020.0,111.27,109.04,1.0,0.0
265,MSFT,2018-12-11T00:00:00+0000,109.8,108.59,42381947.0,110.95,107.44,1.0,0.0
266,MSFT,2018-12-10T00:00:00+0000,104.8,107.59,40801525.0,107.98,103.89,1.0,0.0
267,MSFT,2018-12-07T00:00:00+0000,108.38,104.82,45044937.0,109.45,104.3,1.0,0.0
268,MSFT,2018-12-06T00:00:00+0000,105.82,109.19,49107431.0,109.24,105.0,1.0,0.0
269,MSFT,2018-12-04T00:00:00+0000,111.94,108.52,45196984.0,112.6373,108.2115,1.0,0.0
270,MSFT,2018-12-03T00:00:00+0000,113.0,112.09,34732772.0,113.42,110.73,1.0,0.0
271,MSFT,2018-11-30T00:00:00+0000,110.7,110.89,33665624.0,110.97,109.36,1.0,0.0
272,MSFT,2018-11-29T00:00:00+0000,110.33,110.19,28123195.0,111.115,109.03,1.0,0.0
273,MSFT,2018-11-28T00:00:00+0000,107.89,111.12,46788461.0,111.33,107.86,1.0,0.0
274,MSFT,2018-11-27T00:00:00+0000,106.27,107.14,29124486.0,107.33,105.36,1.0,0.0
275,MSFT,2018-11-26T00:00:00+0000,104.79,106.47,32336165.0,106.63,104.58,1.0,0.0
276,MSFT,2018-11-23T00:00:00+0000,102.17,103.07,13823099.0,103.8099,102.0,1.0,0.0
277,MSFT,2018-11-21T00:00:00+0000,103.6,103.11,28130621.0,104.43,102.24,1.0,0.0
278,MSFT,2018-11-20T00:00:00+0000,101.8,101.71,64052457.0,102.97,99.3528,1.0,0.0
279,MSFT,2018-11-19T00:00:00+0000,108.27,104.62,44773899.0,108.56,103.55,1.0,0.0
280,MSFT,2018-11-16T00:00:00+0000,107.08,108.29,33502121.0,108.88,106.8,1.0,0.0
281,MSFT,2018-11-15T00:00:00+0000,104.99,107.28,38505165.0,107.8,103.91,1.0,0.0
282,MSFT,2018-11-14T00:00:00+0000,108.1,104.97,39495141.0,108.26,104.47,1.0,0.46
283,MSFT,2018-11-13T00:00:00+0000,107.55,106.94,35374583.0,108.74,106.64,1.0,0.0
284,MSFT,2018-11-12T00:00:00+0000,109.42,106.87,33621807.0,109.96,106.1,1.0,0.0
285,MSFT,2018-11-09T00:00:00+0000,110.85,109.57,32039223.0,111.45,108.76,1.0,0.0
286,MSFT,2018-11-08T00:00:00+0000,111.8,111.75,25644105.0,112.21,110.91,1.0,0.0
287,MSFT,2018-11-07T00:00:00+0000,109.44,111.96,37901704.0,112.24,109.4,1.0,0.0
288,MSFT,2018-11-06T00:00:00+0000,107.38,107.72,24340248.0,108.84,106.28,1.0,0.0
289,MSFT,2018-11-05T00:00:00+0000,106.37,107.51,27922144.0,107.74,105.9,1.0,0.0
290,MSFT,2018-11-02T00:00:00+0000,106.48,106.16,37680194.0,107.32,104.975,1.0,0.0
291,MSFT,2018-11-01T00:00:00+0000,107.05,105.92,33384201.0,107.32,105.53,1.0,0.0
292,MSFT,2018-10-31T00:00:00+0000,105.435,106.81,51062383.0,108.14,105.39,1.0,0.0
293,MSFT,2018-10-30T00:00:00+0000,103.66,103.73,65350878.0,104.38,100.11,1.0,0.0
294,MSFT,2018-10-29T00:00:00+0000,108.105,103.85,55162001.0,108.7,101.63,1.0,0.0
295,MSFT,2018-10-26T00:00:00+0000,105.69,106.96,55523104.0,108.75,104.76,1.0,0.0
296,MSFT,2018-10-25T00:00:00+0000,106.55,108.3,61646819.0,109.27,106.15,1.0,0.0
297,MSFT,2018-10-24T00:00:00+0000,108.41,102.32,63897759.0,108.49,101.5901,1.0,0.0
298,MSFT,2018-10-23T00:00:00+0000,107.77,108.1,43770429.0,108.97,105.11,1.0,0.0
299,MSFT,2018-10-22T00:00:00+0000,109.32,109.63,26545607.0,110.54,108.24,1.0,0.0
300,MSFT,2018-10-19T00:00:00+0000,108.93,108.66,32785475.0,110.86,108.21,1.0,0.0
301,MSFT,2018-10-18T00:00:00+0000,110.1,108.5,32506192.0,110.53,107.83,1.0,0.0
302,MSFT,2018-10-17T00:00:00+0000,111.68,110.71,26548243.0,111.81,109.5482,1.0,0.0
303,MSFT,2018-10-16T00:00:00+0000,109.54,111.0,31610164.0,111.41,108.95,1.0,0.0
304,MSFT,2018-10-15T00:00:00+0000,108.91,107.6,32068103.0,109.48,106.9468,1.0,0.0
305,MSFT,2018-10-12T00:00:00+0000,109.01,109.57,47742109.0,111.24,107.12,1.0,0.0
306,MSFT,2018-10-11T00:00:00+0000,105.35,105.91,63904282.0,108.93,104.2,1.0,0.0
307,MSFT,2018-10-10T00:00:00+0000,111.24,106.16,61376300.0,111.5,105.79,1.0,0.0
308,MSFT,2018-10-09T00:00:00+0000,111.14,112.26,26198594.0,113.08,110.8,1.0,0.0
309,MSFT,2018-10-08T00:00:00+0000,111.66,110.85,29640588.0,112.03,109.34,1.0,0.0
310,MSFT,2018-10-05T00:00:00+0000,112.63,112.13,29068859.0,113.17,110.64,1.0,0.0
311,MSFT,2018-10-04T00:00:00+0000,114.61,112.79,34821717.0,114.7588,111.63,1.0,0.0
312,MSFT,2018-10-03T00:00:00+0000,115.42,115.17,16648018.0,116.18,114.93,1.0,0.0
313,MSFT,2018-10-02T00:00:00+0000,115.3,115.15,20787239.0,115.84,114.44,1.0,0.0
314,MSFT,2018-10-01T00:00:00+0000,114.75,115.61,18883079.0,115.68,114.73,1.0,0.0
315,MSFT,2018-09-28T00:00:00+0000,114.19,114.37,21647811.0,114.57,113.68,1.0,0.0
316,MSFT,2018-09-27T00:00:00+0000,114.78,114.41,19091299.0,114.91,114.2,1.0,0.0
317,MSFT,2018-09-26T00:00:00+0000,114.47,113.98,19352025.0,115.055,113.74,1.0,0.0
318,MSFT,2018-09-25T00:00:00+0000,114.8,114.45,22668014.0,115.1,113.75,1.0,0.0
319,MSFT,2018-09-24T00:00:00+0000,113.03,114.67,27334460.0,114.9,112.2175,1.0,0.0
320,MSFT,2018-09-21T00:00:00+0000,114.0,114.26,71229698.0,115.29,113.51,1.0,0.0
321,MSFT,2018-09-20T00:00:00+0000,112.28,113.57,23714512.0,113.8,111.93,1.0,0.0
322,MSFT,2018-09-19T00:00:00+0000,113.05,111.7,21728429.0,113.32,111.035,1.0,0.0
323,MSFT,2018-09-18T00:00:00+0000,112.19,113.21,22170934.0,113.695,111.72,1.0,0.0
324,MSFT,2018-09-17T00:00:00+0000,113.69,112.14,20736516.0,113.7,111.86,1.0,0.0
325,MSFT,2018-09-14T00:00:00+0000,113.36,113.37,19122349.0,113.73,112.44,1.0,0.0
326,MSFT,2018-09-13T00:00:00+0000,112.12,112.91,26055620.0,113.725,112.12,1.0,0.0
327,MSFT,2018-09-12T00:00:00+0000,111.43,111.71,18891064.0,111.85,110.51,1.0,0.0
328,MSFT,2018-09-11T00:00:00+0000,108.9,111.24,24301774.0,111.59,108.89,1.0,0.0
329,MSFT,2018-09-10T00:00:00+0000,108.84,109.38,20727906.0,109.64,108.36,1.0,0.0
330,MSFT,2018-09-07T00:00:00+0000,108.23,108.21,22498646.0,108.7248,107.23,1.0,0.0
331,MSFT,2018-09-06T00:00:00+0000,108.25,108.74,23477624.0,108.99,107.51,1.0,0.0
332,MSFT,2018-09-05T00:00:00+0000,111.01,108.49,32872352.0,111.42,108.1,1.0,0.0
333,MSFT,2018-09-04T00:00:00+0000,110.85,111.71,22634641.0,111.955,110.22,1.0,0.0
334,MSFT,2018-08-31T00:00:00+0000,111.685,112.33,23222713.0,112.777,111.515,1.0,0.0
335,MSFT,2018-08-30T00:00:00+0000,111.67,111.95,22798702.0,112.61,111.44,1.0,0.0
336,MSFT,2018-08-29T00:00:00+0000,110.45,112.02,20818044.0,112.03,110.27,1.0,0.0
337,MSFT,2018-08-28T00:00:00+0000,109.94,110.26,19151528.0,110.5,109.79,1.0,0.0
338,MSFT,2018-08-27T00:00:00+0000,109.27,109.6,19662331.0,109.64,108.51,1.0,0.0
339,MSFT,2018-08-24T00:00:00+0000,107.67,108.4,17234020.0,108.56,107.56,1.0,0.0
340,MSFT,2018-08-23T00:00:00+0000,107.15,107.56,18167723.0,108.18,106.87,1.0,0.0
341,MSFT,2018-08-22T00:00:00+0000,105.85,107.06,18000639.0,107.34,105.78,1.0,0.0
342,MSFT,2018-08-21T00:00:00+0000,106.92,105.98,22881861.0,107.35,105.85,1.0,0.0
343,MSFT,2018-08-20T00:00:00+0000,107.51,106.87,17914201.0,107.9,106.48,1.0,0.0
344,MSFT,2018-08-17T00:00:00+0000,107.36,107.58,18061512.0,107.9,106.69,1.0,0.0
345,MSFT,2018-08-16T00:00:00+0000,108.3,107.64,21384289.0,108.86,107.3,1.0,0.0
346,MSFT,2018-08-15T00:00:00+0000,108.49,107.66,29982806.0,108.985,106.82,1.0,0.42
347,MSFT,2018-08-14T00:00:00+0000,108.56,109.56,16788314.0,109.75,108.04,1.0,0.0
348,MSFT,2018-08-13T00:00:00+0000,109.24,108.21,18474884.0,109.58,108.1,1.0,0.0
349,MSFT,2018-08-10T00:00:00+0000,109.42,109.0,18183724.0,109.69,108.38,1.0,0.0
350,MSFT,2018-08-09T00:00:00+0000,109.71,109.67,13677211.0,110.16,109.6,1.0,0.0
351,MSFT,2018-08-08T00:00:00+0000,109.33,109.49,15487502.0,109.75,108.7599,1.0,0.0
352,MSFT,2018-08-07T00:00:00+0000,108.56,108.88,16080214.0,109.1,108.17,1.0,0.0
353,MSFT,2018-08-06T00:00:00+0000,108.12,108.13,20265947.0,108.42,107.559,1.0,0.0
354,MSFT,2018-08-03T00:00:00+0000,107.8,108.04,18659599.0,108.05,106.82,1.0,0.0
355,MSFT,2018-08-02T00:00:00+0000,105.4,107.57,26104258.0,108.09,104.84,1.0,0.0
356,MSFT,2018-08-01T00:00:00+0000,106.03,106.28,23628699.0,106.446,105.42,1.0,0.0
357,MSFT,2018-07-31T00:00:00+0000,106.49,106.08,27655152.0,106.72,105.38,1.0,0.0
358,MSFT,2018-07-30T00:00:00+0000,107.19,105.37,34668327.0,107.53,104.76,1.0,0.0
359,MSFT,2018-07-27T00:00:00+0000,110.18,107.68,37005292.0,110.18,106.14,1.0,0.0
360,MSFT,2018-07-26T00:00:00+0000,110.74,109.62,31372110.0,111.0,109.5,1.0,0.0
361,MSFT,2018-07-25T00:00:00+0000,107.955,110.83,30798058.0,111.15,107.6,1.0,0.0
362,MSFT,2018-07-24T00:00:00+0000,108.57,107.66,26316619.0,108.82,107.26,1.0,0.0
363,MSFT,2018-07-23T00:00:00+0000,106.3,107.97,29706955.0,108.14,106.13,1.0,0.0
364,MSFT,2018-07-20T00:00:00+0000,108.08,106.27,56038827.0,108.2,106.08,1.0,0.0
365,MSFT,2018-07-19T00:00:00+0000,104.93,104.4,40171646.0,105.31,103.89,1.0,0.0
366,MSFT,2018-07-18T00:00:00+0000,105.94,105.12,29493927.0,106.05,104.715,1.0,0.0
367,MSFT,2018-07-17T00:00:00+0000,104.61,105.95,25901726.0,106.5,104.32,1.0,0.0
368,MSFT,2018-07-16T00:00:00+0000,105.4,104.91,21786912.0,105.82,104.515,1.0,0.0
369,MSFT,2018-07-13T00:00:00+0000,104.37,105.43,24653500.0,105.6,104.09,1.0,0.0
370,MSFT,2018-07-12T00:00:00+0000,102.77,104.19,24335929.0,104.41,102.73,1.0,0.0
371,MSFT,2018-07-11T00:00:00+0000,101.15,101.98,19644648.0,102.34,101.1,1.0,0.0
372,MSFT,2018-07-10T00:00:00+0000,102.0,102.12,19293140.0,102.51,101.86,1.0,0.0
373,MSFT,2018-07-09T00:00:00+0000,101.6452,101.85,18211980.0,102.25,101.251,1.0,0.0
374,MSFT,2018-07-06T00:00:00+0000,99.885,101.16,19234627.0,101.43,99.67,1.0,0.0
375,MSFT,2018-07-05T00:00:00+0000,99.5,99.76,18977402.0,99.92,99.0299,1.0,0.0
376,MSFT,2018-07-03T00:00:00+0000,100.48,99.05,14670275.0,100.63,98.94,1.0,0.0
377,MSFT,2018-07-02T00:00:00+0000,98.1,100.01,19564521.0,100.06,98.0,1.0,0.0
378,MSFT,2018-06-29T00:00:00+0000,98.93,98.61,28053214.0,99.91,98.33,1.0,0.0
379,MSFT,2018-06-28T00:00:00+0000,97.38,98.63,26650671.0,99.11,97.26,1.0,0.0
380,MSFT,2018-06-27T00:00:00+0000,99.58,97.54,31298386.0,100.02,97.4,1.0,0.0
381,MSFT,2018-06-26T00:00:00+0000,98.82,99.08,26897244.0,100.08,98.75,1.0,0.0
382,MSFT,2018-06-25T00:00:00+0000,100.0,98.39,35433333.0,100.11,97.3,1.0,0.0
383,MSFT,2018-06-22T00:00:00+0000,100.41,100.41,38923105.0,100.77,99.625,1.0,0.0
384,MSFT,2018-06-21T00:00:00+0000,102.075,101.14,23198188.0,102.46,100.88,1.0,0.0
385,MSFT,2018-06-20T00:00:00+0000,101.37,101.87,26180792.0,102.52,101.12,1.0,0.0
386,MSFT,2018-06-19T00:00:00+0000,99.65,100.86,28653087.0,101.0,99.5,1.0,0.0
387,MSFT,2018-06-18T00:00:00+0000,100.01,100.86,23586037.0,101.11,99.42,1.0,0.0
388,MSFT,2018-06-15T00:00:00+0000,101.51,100.13,65738585.0,101.53,100.07,1.0,0.0
389,MSFT,2018-06-14T00:00:00+0000,101.65,101.42,25691811.0,102.03,101.0,1.0,0.0
390,MSFT,2018-06-13T00:00:00+0000,101.72,100.85,29492875.0,102.01,100.56,1.0,0.0
391,MSFT,2018-06-12T00:00:00+0000,101.1,101.31,18325228.0,101.4493,100.75,1.0,0.0
392,MSFT,2018-06-11T00:00:00+0000,101.37,101.05,23490894.0,101.59,100.67,1.0,0.0
393,MSFT,2018-06-08T00:00:00+0000,101.0924,101.63,22165128.0,101.95,100.54,1.0,0.0
394,MSFT,2018-06-07T00:00:00+0000,102.65,100.88,28232197.0,102.69,100.38,1.0,0.0
395,MSFT,2018-06-06T00:00:00+0000,102.48,102.49,21122917.0,102.6,101.9,1.0,0.0
396,MSFT,2018-06-05T00:00:00+0000,102.0,102.19,23514402.0,102.33,101.53,1.0,0.0
397,MSFT,2018-06-04T00:00:00+0000,101.26,101.67,27281623.0,101.86,100.851,1.0,0.0
398,MSFT,2018-06-01T00:00:00+0000,99.2798,100.79,28655624.0,100.86,99.17,1.0,0.0
399,MSFT,2018-05-31T00:00:00+0000,99.29,98.84,34140891.0,99.99,98.61,1.0,0.0
400,MSFT,2018-05-30T00:00:00+0000,98.31,98.95,22158528.0,99.25,97.91,1.0,0.0
401,MSFT,2018-05-29T00:00:00+0000,97.84,98.01,28670981.0,98.88,97.23,1.0,0.0
402,MSFT,2018-05-25T00:00:00+0000,98.3,98.36,18363918.0,98.98,97.86,1.0,0.0
403,MSFT,2018-05-24T00:00:00+0000,98.725,98.31,26649287.0,98.94,96.81,1.0,0.0
404,MSFT,2018-05-23T00:00:00+0000,96.71,98.66,21251222.0,98.73,96.32,1.0,0.0
405,MSFT,2018-05-22T00:00:00+0000,97.68,97.5,15441189.0,98.17,97.2,1.0,0.0
406,MSFT,2018-05-21T00:00:00+0000,97.0,97.6,19422467.0,98.01,96.8,1.0,0.0
407,MSFT,2018-05-18T00:00:00+0000,96.01,96.36,17865840.0,96.93,96.01,1.0,0.0
408,MSFT,2018-05-17T00:00:00+0000,96.76,96.18,17246716.0,97.5401,95.83,1.0,0.0
409,MSFT,2018-05-16T00:00:00+0000,97.36,97.15,17384742.0,97.4,96.615,1.0,0.42
410,MSFT,2018-05-15T00:00:00+0000,97.24,97.32,24594010.0,97.85,96.34,1.0,0.0
411,MSFT,2018-05-14T00:00:00+0000,97.92,98.03,19454124.0,98.69,97.31,1.0,0.0
412,MSFT,2018-05-11T00:00:00+0000,97.8,97.7,16778316.0,97.87,97.04,1.0,0.0
413,MSFT,2018-05-10T00:00:00+0000,97.46,97.91,22388119.0,97.95,97.05,1.0,0.0
414,MSFT,2018-05-09T00:00:00+0000,96.01,96.94,27327410.0,96.97,95.05,1.0,0.0
415,MSFT,2018-05-08T00:00:00+0000,95.8456,95.81,23484589.0,96.16,95.0631,1.0,0.0
416,MSFT,2018-05-07T00:00:00+0000,95.17,96.22,24242019.0,96.71,95.1,1.0,0.0
417,MSFT,2018-05-04T00:00:00+0000,93.32,95.16,22531325.0,95.37,92.92,1.0,0.0
418,MSFT,2018-05-03T00:00:00+0000,92.96,94.07,31142497.0,94.925,92.45,1.0,0.0
419,MSFT,2018-05-02T00:00:00+0000,94.99,93.51,27471002.0,95.17,93.19,1.0,0.0
420,MSFT,2018-05-01T00:00:00+0000,93.21,95.0,31408927.0,95.29,92.79,1.0,0.0
421,MSFT,2018-04-30T00:00:00+0000,96.33,93.52,41523605.0,96.3964,93.15,1.0,0.0
422,MSFT,2018-04-27T00:00:00+0000,97.6,95.82,48272780.0,97.9,93.91,1.0,0.0
423,MSFT,2018-04-26T00:00:00+0000,93.55,94.26,42529043.0,95.15,93.1,1.0,0.0
424,MSFT,2018-04-25T00:00:00+0000,93.3,92.31,33729257.0,93.3,90.28,1.0,0.0
425,MSFT,2018-04-24T00:00:00+0000,96.242,93.12,34524799.0,96.47,92.41,1.0,0.0
426,MSFT,2018-04-23T00:00:00+0000,95.7436,95.35,22331829.0,96.29,94.63,1.0,0.0
427,MSFT,2018-04-20T00:00:00+0000,95.91,95.0,31154377.0,96.11,94.05,1.0,0.0
428,MSFT,2018-04-19T00:00:00+0000,96.44,96.11,23552541.0,97.07,95.34,1.0,0.0
429,MSFT,2018-04-18T00:00:00+0000,96.22,96.44,21043287.0,96.72,95.52,1.0,0.0
430,MSFT,2018-04-17T00:00:00+0000,95.0,96.07,26771000.0,96.54,94.88,1.0,0.0
431,MSFT,2018-04-16T00:00:00+0000,94.07,94.17,20288083.0,94.66,93.42,1.0,0.0
432,MSFT,2018-04-13T00:00:00+0000,94.05,93.08,23346063.0,94.18,92.44,1.0,0.0
433,MSFT,2018-04-12T00:00:00+0000,92.43,93.58,26758879.0,94.16,92.43,1.0,0.0
434,MSFT,2018-04-11T00:00:00+0000,92.01,91.86,24872110.0,93.29,91.48,1.0,0.0
435,MSFT,2018-04-10T00:00:00+0000,92.39,92.88,26939883.0,93.28,91.64,1.0,0.0
436,MSFT,2018-04-09T00:00:00+0000,91.04,90.77,31533943.0,93.17,90.62,1.0,0.0
437,MSFT,2018-04-06T00:00:00+0000,91.49,90.23,38026000.0,92.46,89.48,1.0,0.0
438,MSFT,2018-04-05T00:00:00+0000,92.435,92.38,29771881.0,93.065,91.4,1.0,0.0
439,MSFT,2018-04-04T00:00:00+0000,87.85,92.33,35559956.0,92.76,87.73,1.0,0.0
440,MSFT,2018-04-03T00:00:00+0000,89.575,89.71,37213837.0,90.05,87.89,1.0,0.0
441,MSFT,2018-04-02T00:00:00+0000,90.47,88.52,48515417.0,90.88,87.51,1.0,0.0
442,MSFT,2018-03-29T00:00:00+0000,90.18,91.27,45867548.0,92.29,88.4,1.0,0.0
443,MSFT,2018-03-28T00:00:00+0000,89.82,89.39,52501146.0,91.23,88.873,1.0,0.0
444,MSFT,2018-03-27T00:00:00+0000,94.94,89.47,53704562.0,95.139,88.51,1.0,0.0
445,MSFT,2018-03-26T00:00:00+0000,90.61,93.78,55031149.0,94.0,90.4,1.0,0.0
446,MSFT,2018-03-23T00:00:00+0000,89.5,87.18,42159397.0,90.46,87.08,1.0,0.0
447,MSFT,2018-03-22T00:00:00+0000,91.265,89.79,37578166.0,91.75,89.66,1.0,0.0
448,MSFT,2018-03-21T00:00:00+0000,92.93,92.48,23753263.0,94.05,92.21,1.0,0.0
449,MSFT,2018-03-20T00:00:00+0000,93.05,93.13,21787780.0,93.77,93.0,1.0,0.0
450,MSFT,2018-03-19T00:00:00+0000,93.74,92.89,31752589.0,93.9,92.11,1.0,0.0
451,MSFT,2018-03-16T00:00:00+0000,94.68,94.6,47329521.0,95.38,93.92,1.0,0.0
452,MSFT,2018-03-15T00:00:00+0000,93.53,94.18,26279014.0,94.58,92.83,1.0,0.0
453,MSFT,2018-03-14T00:00:00+0000,95.12,93.85,31576898.0,95.41,93.5,1.0,0.0
454,MSFT,2018-03-13T00:00:00+0000,97.0,94.41,34445391.0,97.24,93.97,1.0,0.0
455,MSFT,2018-03-12T00:00:00+0000,96.5,96.77,25333720.0,97.21,96.04,1.0,0.0
456,MSFT,2018-03-09T00:00:00+0000,95.29,96.54,36145524.0,96.54,95.0,1.0,0.0
457,MSFT,2018-03-08T00:00:00+0000,94.27,94.43,24861307.0,95.1,93.765,1.0,0.0
458,MSFT,2018-03-07T00:00:00+0000,93.16,93.86,26716127.0,93.9406,92.43,1.0,0.0
459,MSFT,2018-03-06T00:00:00+0000,94.34,93.32,22175776.0,94.49,92.941,1.0,0.0
460,MSFT,2018-03-05T00:00:00+0000,92.34,93.64,23901578.0,94.27,92.26,1.0,0.0
461,MSFT,2018-03-02T00:00:00+0000,91.58,93.05,32830389.0,93.15,90.86,1.0,0.0
462,MSFT,2018-03-01T00:00:00+0000,93.99,92.85,37135561.0,94.57,91.84,1.0,0.0
463,MSFT,2018-02-28T00:00:00+0000,94.84,93.77,29314525.0,95.705,93.63,1.0,0.0
464,MSFT,2018-02-27T00:00:00+0000,95.74,94.2,25540755.0,95.84,94.2,1.0,0.0
465,MSFT,2018-02-26T00:00:00+0000,94.4,95.42,29760276.0,95.45,94.25,1.0,0.0
466,MSFT,2018-02-23T00:00:00+0000,92.75,94.06,25779955.0,94.07,92.36,1.0,0.0
467,MSFT,2018-02-22T00:00:00+0000,92.05,91.73,22723756.0,92.73,91.36,1.0,0.0
468,MSFT,2018-02-21T00:00:00+0000,92.98,91.49,26081953.0,93.3595,91.49,1.0,0.0
469,MSFT,2018-02-20T00:00:00+0000,91.475,92.72,30107057.0,93.06,91.01,1.0,0.0
470,MSFT,2018-02-16T00:00:00+0000,92.45,92.0,30188535.0,93.5,91.8,1.0,0.0
471,MSFT,2018-02-15T00:00:00+0000,91.21,92.66,27407914.0,92.72,90.62,1.0,0.0
472,MSFT,2018-02-14T00:00:00+0000,88.51,90.81,34314101.0,90.99,88.41,1.0,0.42
473,MSFT,2018-02-13T00:00:00+0000,88.93,89.83,26200053.0,90.0,87.8,1.0,0.0
474,MSFT,2018-02-12T00:00:00+0000,88.735,89.13,35501368.0,89.78,87.9295,1.0,0.0
475,MSFT,2018-02-09T00:00:00+0000,86.3,88.18,57408480.0,88.93,83.83,1.0,0.0
476,MSFT,2018-02-08T00:00:00+0000,89.71,85.01,47485202.0,89.875,84.76,1.0,0.0
477,MSFT,2018-02-07T00:00:00+0000,90.49,89.61,40340551.0,91.77,89.2,1.0,0.0
478,MSFT,2018-02-06T00:00:00+0000,86.89,91.33,66157030.0,91.475,85.25,1.0,0.0
479,MSFT,2018-02-05T00:00:00+0000,90.56,88.0,42253469.0,93.24,88.0,1.0,0.0
480,MSFT,2018-02-02T00:00:00+0000,93.64,91.78,47076959.0,93.97,91.5,1.0,0.0
481,MSFT,2018-02-01T00:00:00+0000,94.79,94.26,46645657.0,96.07,93.5813,1.0,0.0
482,MSFT,2018-01-31T00:00:00+0000,93.75,95.01,44284284.0,95.4,93.51,1.0,0.0
483,MSFT,2018-01-30T00:00:00+0000,93.3,92.74,34153798.0,93.66,92.1,1.0,0.0
484,MSFT,2018-01-29T00:00:00+0000,95.14,93.92,30409620.0,95.45,93.72,1.0,0.0
485,MSFT,2018-01-26T00:00:00+0000,93.12,94.06,26348999.0,94.06,92.58,1.0,0.0
486,MSFT,2018-01-25T00:00:00+0000,92.465,92.33,23983094.0,93.24,91.93,1.0,0.0
487,MSFT,2018-01-24T00:00:00+0000,92.55,91.82,32107765.0,93.43,91.58,1.0,0.0
488,MSFT,2018-01-23T00:00:00+0000,91.9,91.9,22283365.0,92.3,91.54,1.0,0.0
489,MSFT,2018-01-22T00:00:00+0000,90.0,91.61,23190700.0,91.62,89.74,1.0,0.0
490,MSFT,2018-01-19T00:00:00+0000,90.14,90.0,34896964.0,90.61,89.66,1.0,0.0
491,MSFT,2018-01-18T00:00:00+0000,89.8,90.1,22931303.0,90.67,89.66,1.0,0.0
492,MSFT,2018-01-17T00:00:00+0000,89.08,90.14,24659472.0,90.28,88.75,1.0,0.0
493,MSFT,2018-01-16T00:00:00+0000,90.1,88.35,35945428.0,90.79,88.0104,1.0,0.0
494,MSFT,2018-01-12T00:00:00+0000,88.67,89.6,24000439.0,89.78,88.45,1.0,0.0
495,MSFT,2018-01-11T00:00:00+0000,88.13,88.08,16529868.0,88.13,87.24,1.0,0.0
496,MSFT,2018-01-10T00:00:00+0000,87.86,87.82,18129153.0,88.19,87.41,1.0,0.0
497,MSFT,2018-01-09T00:00:00+0000,88.65,88.22,19390427.0,88.7272,87.86,1.0,0.0
498,MSFT,2018-01-08T00:00:00+0000,88.2,88.28,20293930.0,88.58,87.6046,1.0,0.0
499,MSFT,2018-01-05T00:00:00+0000,87.66,88.19,22526563.0,88.41,87.43,1.0,0.0
500,MSFT,2018-01-04T00:00:00+0000,86.59,87.11,21145985.0,87.66,86.57,1.0,0.0
501,MSFT,2018-01-03T00:00:00+0000,86.055,86.35,24173064.0,86.51,85.97,1.0,0.0
502,MSFT,2018-01-02T00:00:00+0000,86.125,85.95,21993101.0,86.31,85.5,1.0,0.0
503,MSFT,2017-12-29T00:00:00+0000,85.63,85.54,18162779.0,86.05,85.5,1.0,0.0
504,MSFT,2017-12-28T00:00:00+0000,85.9,85.72,9872795.0,85.93,85.55,1.0,0.0
505,MSFT,2017-12-27T00:00:00+0000,85.65,85.71,13000828.0,85.98,85.215,1.0,0.0
506,MSFT,2017-12-26T00:00:00+0000,85.31,85.4,9737412.0,85.5346,85.03,1.0,0.0
507,MSFT,2017-12-22T00:00:00+0000,85.4,85.51,14033977.0,85.63,84.92,1.0,0.0
508,MSFT,2017-12-21T00:00:00+0000,86.05,85.5,16638402.0,86.1,85.4,1.0,0.0
509,MSFT,2017-12-20T00:00:00+0000,86.2,85.52,23425009.0,86.3,84.71,1.0,0.0
510,MSFT,2017-12-19T00:00:00+0000,86.35,85.83,23241979.0,86.35,85.27,1.0,0.0
511,MSFT,2017-12-18T00:00:00+0000,87.12,86.38,21551076.0,87.4999,86.23,1.0,0.0
512,MSFT,2017-12-15T00:00:00+0000,85.26,86.85,52430167.0,87.09,84.88,1.0,0.0
513,MSFT,2017-12-14T00:00:00+0000,85.43,84.69,19080106.0,85.8739,84.53,1.0,0.0
514,MSFT,2017-12-13T00:00:00+0000,85.74,85.35,21307911.0,86.0,85.17,1.0,0.0
515,MSFT,2017-12-12T00:00:00+0000,85.31,85.58,23534946.0,86.05,85.08,1.0,0.0
516,MSFT,2017-12-11T00:00:00+0000,84.29,85.23,19909119.0,85.37,84.12,1.0,0.0
517,MSFT,2017-12-08T00:00:00+0000,83.63,84.16,23825056.0,84.58,83.33,1.0,0.0
518,MSFT,2017-12-07T00:00:00+0000,82.54,82.49,20378114.0,82.8,82.0,1.0,0.0
519,MSFT,2017-12-06T00:00:00+0000,81.55,82.78,24821403.0,83.14,81.43,1.0,0.0
520,MSFT,2017-12-05T00:00:00+0000,81.34,81.59,25512120.0,82.68,80.9801,1.0,0.0
521,MSFT,2017-12-04T00:00:00+0000,84.42,81.08,37977732.0,84.4299,80.7,1.0,0.0
522,MSFT,2017-12-01T00:00:00+0000,83.6,84.26,29387325.0,84.81,83.22,1.0,0.0
523,MSFT,2017-11-30T00:00:00+0000,83.51,84.17,32998408.0,84.52,83.34,1.0,0.0
524,MSFT,2017-11-29T00:00:00+0000,84.71,83.34,27358477.0,84.9172,83.175,1.0,0.0
525,MSFT,2017-11-28T00:00:00+0000,84.07,84.88,21162639.0,85.06,84.02,1.0,0.0
526,MSFT,2017-11-27T00:00:00+0000,83.31,83.87,17603760.0,83.98,83.3,1.0,0.0
527,MSFT,2017-11-24T00:00:00+0000,83.01,83.26,7425503.0,83.43,82.78,1.0,0.0
528,MSFT,2017-11-22T00:00:00+0000,83.83,83.11,20213704.0,83.9,83.04,1.0,0.0
529,MSFT,2017-11-21T00:00:00+0000,82.74,83.72,21237454.0,83.84,82.74,1.0,0.0
530,MSFT,2017-11-20T00:00:00+0000,82.4,82.53,16072495.0,82.59,82.25,1.0,0.0
531,MSFT,2017-11-17T00:00:00+0000,83.12,82.4,21715498.0,83.12,82.24,1.0,0.0
532,MSFT,2017-11-16T00:00:00+0000,83.1,83.2,20659209.0,83.42,82.94,1.0,0.0
533,MSFT,2017-11-15T00:00:00+0000,83.47,82.98,19097333.0,83.69,82.69,1.0,0.42
534,MSFT,2017-11-14T00:00:00+0000,83.5,84.05,18604034.0,84.1,82.98,1.0,0.0
535,MSFT,2017-11-13T00:00:00+0000,83.66,83.93,14080820.0,83.94,83.46,1.0,0.0
536,MSFT,2017-11-10T00:00:00+0000,83.79,83.87,19340435.0,84.095,83.23,1.0,0.0
537,MSFT,2017-11-09T00:00:00+0000,84.11,84.09,20924172.0,84.27,82.9,1.0,0.0
538,MSFT,2017-11-08T00:00:00+0000,84.14,84.56,18034170.0,84.61,83.83,1.0,0.0
539,MSFT,2017-11-07T00:00:00+0000,84.77,84.27,17152583.0,84.9,83.93,1.0,0.0
540,MSFT,2017-11-06T00:00:00+0000,84.2,84.47,19039847.0,84.7,84.0825,1.0,0.0
541,MSFT,2017-11-03T00:00:00+0000,84.08,84.14,17569120.0,84.54,83.4,1.0,0.0
542,MSFT,2017-11-02T00:00:00+0000,83.35,84.05,23822964.0,84.46,83.12,1.0,0.0
543,MSFT,2017-11-01T00:00:00+0000,83.68,83.18,22039635.0,83.76,82.88,1.0,0.0
544,MSFT,2017-10-31T00:00:00+0000,84.36,83.18,26728947.0,84.36,83.11,1.0,0.0
545,MSFT,2017-10-30T00:00:00+0000,83.7,83.89,31291801.0,84.325,83.105,1.0,0.0
546,MSFT,2017-10-27T00:00:00+0000,84.37,83.81,70877350.0,86.2,83.61,1.0,0.0
547,MSFT,2017-10-26T00:00:00+0000,79.2,78.76,29181652.0,79.42,78.75,1.0,0.0
548,MSFT,2017-10-25T00:00:00+0000,78.58,78.63,19714512.0,79.1,78.01,1.0,0.0
549,MSFT,2017-10-24T00:00:00+0000,78.9,78.86,16613928.0,79.2,78.46,1.0,0.0
550,MSFT,2017-10-23T00:00:00+0000,78.99,78.83,20479731.0,79.34,78.76,1.0,0.0
551,MSFT,2017-10-20T00:00:00+0000,78.32,78.81,22517092.0,78.97,78.22,1.0,0.0
552,MSFT,2017-10-19T00:00:00+0000,77.57,77.91,14982129.0,77.93,77.35,1.0,0.0
553,MSFT,2017-10-18T00:00:00+0000,77.67,77.61,13147124.0,77.85,77.37,1.0,0.0
554,MSFT,2017-10-17T00:00:00+0000,77.47,77.59,15953665.0,77.62,77.25,1.0,0.0
555,MSFT,2017-10-16T00:00:00+0000,77.42,77.65,12331147.0,77.81,77.35,1.0,0.0
556,MSFT,2017-10-13T00:00:00+0000,77.59,77.49,15250772.0,77.87,77.29,1.0,0.0
557,MSFT,2017-10-12T00:00:00+0000,76.49,77.12,16778148.0,77.29,76.37,1.0,0.0
558,MSFT,2017-10-11T00:00:00+0000,76.36,76.42,14780652.0,76.46,75.95,1.0,0.0
559,MSFT,2017-10-10T00:00:00+0000,76.33,76.29,13734627.0,76.63,76.14,1.0,0.0
560,MSFT,2017-10-09T00:00:00+0000,75.97,76.29,11364275.0,76.55,75.86,1.0,0.0
561,MSFT,2017-10-06T00:00:00+0000,75.67,76.0,13692791.0,76.03,75.54,1.0,0.0
562,MSFT,2017-10-05T00:00:00+0000,75.22,75.97,20656238.0,76.12,74.96,1.0,0.0
563,MSFT,2017-10-04T00:00:00+0000,74.0,74.69,13287346.0,74.72,73.71,1.0,0.0
564,MSFT,2017-10-03T00:00:00+0000,74.67,74.26,11935853.0,74.88,74.195,1.0,0.0
565,MSFT,2017-10-02T00:00:00+0000,74.71,74.61,15210338.0,75.01,74.295,1.0,0.0
566,MSFT,2017-09-29T00:00:00+0000,73.94,74.49,16700435.0,74.535,73.88,1.0,0.0
567,MSFT,2017-09-28T00:00:00+0000,73.54,73.87,10814063.0,73.97,73.31,1.0,0.0
568,MSFT,2017-09-27T00:00:00+0000,73.55,73.85,18934048.0,74.17,73.17,1.0,0.0
569,MSFT,2017-09-26T00:00:00+0000,73.67,73.26,17105469.0,73.81,72.99,1.0,0.0
570,MSFT,2017-09-25T00:00:00+0000,74.09,73.26,23502422.0,74.25,72.92,1.0,0.0
571,MSFT,2017-09-22T00:00:00+0000,73.99,74.41,13969937.0,74.51,73.85,1.0,0.0
572,MSFT,2017-09-21T00:00:00+0000,75.11,74.21,19038998.0,75.24,74.11,1.0,0.0
573,MSFT,2017-09-20T00:00:00+0000,75.35,74.94,20415084.0,75.55,74.31,1.0,0.0
574,MSFT,2017-09-19T00:00:00+0000,75.21,75.44,15606870.0,75.71,75.01,1.0,0.0
575,MSFT,2017-09-18T00:00:00+0000,75.23,75.16,22730355.0,75.97,75.04,1.0,0.0
576,MSFT,2017-09-15T00:00:00+0000,74.83,75.31,37901927.0,75.39,74.07,1.0,0.0
577,MSFT,2017-09-14T00:00:00+0000,75.0,74.77,15373384.0,75.49,74.52,1.0,0.0
578,MSFT,2017-09-13T00:00:00+0000,74.93,75.21,12998629.0,75.23,74.55,1.0,0.0
579,MSFT,2017-09-12T00:00:00+0000,74.76,74.68,14003880.0,75.24,74.37,1.0,0.0
580,MSFT,2017-09-11T00:00:00+0000,74.31,74.76,17428067.0,74.945,74.31,1.0,0.0
581,MSFT,2017-09-08T00:00:00+0000,74.33,73.98,14474383.0,74.44,73.84,1.0,0.0
582,MSFT,2017-09-07T00:00:00+0000,73.68,74.34,17165518.0,74.6,73.6,1.0,0.0
583,MSFT,2017-09-06T00:00:00+0000,73.74,73.4,15945136.0,74.04,73.35,1.0,0.0
584,MSFT,2017-09-05T00:00:00+0000,73.34,73.61,21432599.0,73.89,72.98,1.0,0.0
585,MSFT,2017-09-01T00:00:00+0000,74.71,73.94,21593192.0,74.74,73.64,1.0,0.0
586,MSFT,2017-08-31T00:00:00+0000,74.03,74.77,26688077.0,74.96,73.8,1.0,0.0
587,MSFT,2017-08-30T00:00:00+0000,73.01,74.01,16826094.0,74.2099,72.8293,1.0,0.0
588,MSFT,2017-08-29T00:00:00+0000,72.25,73.05,11325418.0,73.16,72.05,1.0,0.0
589,MSFT,2017-08-28T00:00:00+0000,73.06,72.83,14112777.0,73.09,72.55,1.0,0.0
590,MSFT,2017-08-25T00:00:00+0000,72.86,72.82,12574503.0,73.35,72.48,1.0,0.0
591,MSFT,2017-08-24T00:00:00+0000,72.74,72.69,15980144.0,72.86,72.07,1.0,0.0
592,MSFT,2017-08-23T00:00:00+0000,72.96,72.72,13586784.0,73.15,72.53,1.0,0.0
593,MSFT,2017-08-22T00:00:00+0000,72.35,73.16,14183146.0,73.24,72.35,1.0,0.0
594,MSFT,2017-08-21T00:00:00+0000,72.47,72.15,17656716.0,72.48,71.7,1.0,0.0
595,MSFT,2017-08-18T00:00:00+0000,72.27,72.49,18215276.0,72.84,71.93,1.0,0.0
596,MSFT,2017-08-17T00:00:00+0000,73.58,72.4,21834250.0,73.87,72.4,1.0,0.0
597,MSFT,2017-08-16T00:00:00+0000,73.34,73.65,17814317.0,74.1,73.17,1.0,0.0
598,MSFT,2017-08-15T00:00:00+0000,73.59,73.22,17791179.0,73.59,73.04,1.0,0.39
599,MSFT,2017-08-14T00:00:00+0000,73.06,73.59,19756773.0,73.72,72.95,1.0,0.0
600,MSFT,2017-08-11T00:00:00+0000,71.61,72.5,21121250.0,72.7,71.28,1.0,0.0
601,MSFT,2017-08-10T00:00:00+0000,71.9,71.41,23153711.0,72.19,71.35,1.0,0.0
602,MSFT,2017-08-09T00:00:00+0000,72.25,72.47,20401071.0,72.51,72.05,1.0,0.0
603,MSFT,2017-08-08T00:00:00+0000,72.09,72.79,21446993.0,73.13,71.75,1.0,0.0
604,MSFT,2017-08-07T00:00:00+0000,72.8,72.4,18705700.0,72.9,72.26,1.0,0.0
605,MSFT,2017-08-04T00:00:00+0000,72.4,72.68,22579000.0,73.04,72.24,1.0,0.0
606,MSFT,2017-08-03T00:00:00+0000,72.19,72.15,17937522.0,72.44,71.845,1.0,0.0
607,MSFT,2017-08-02T00:00:00+0000,72.55,72.26,26405096.0,72.56,71.445,1.0,0.0
608,MSFT,2017-08-01T00:00:00+0000,73.1,72.58,19060885.0,73.42,72.49,1.0,0.0
609,MSFT,2017-07-31T00:00:00+0000,73.3,72.7,23151962.0,73.44,72.41,1.0,0.0
610,MSFT,2017-07-28T00:00:00+0000,72.67,73.04,17472880.0,73.31,72.54,1.0,0.0
611,MSFT,2017-07-27T00:00:00+0000,73.76,73.16,35518251.0,74.42,72.32,1.0,0.0
612,MSFT,2017-07-26T00:00:00+0000,74.34,74.05,15850344.0,74.38,73.81,1.0,0.0
613,MSFT,2017-07-25T00:00:00+0000,73.8,74.19,21522189.0,74.31,73.5,1.0,0.0
614,MSFT,2017-07-24T00:00:00+0000,73.53,73.6,20836422.0,73.75,73.13,1.0,0.0
615,MSFT,2017-07-21T00:00:00+0000,73.45,73.79,45302930.0,74.29,73.17,1.0,0.0
616,MSFT,2017-07-20T00:00:00+0000,74.18,74.22,34174677.0,74.3,73.28,1.0,0.0
617,MSFT,2017-07-19T00:00:00+0000,73.5,73.86,21769229.0,74.04,73.45,1.0,0.0
618,MSFT,2017-07-18T00:00:00+0000,73.09,73.3,26150272.0,73.39,72.66,1.0,0.0
619,MSFT,2017-07-17T00:00:00+0000,72.8,73.35,21481069.0,73.45,72.72,1.0,0.0
620,MSFT,2017-07-14T00:00:00+0000,72.24,72.78,25689303.0,73.27,71.96,1.0,0.0
621,MSFT,2017-07-13T00:00:00+0000,71.5,71.77,20149208.0,72.0399,71.31,1.0,0.0
622,MSFT,2017-07-12T00:00:00+0000,70.69,71.15,17382861.0,71.28,70.55,1.0,0.0
623,MSFT,2017-07-11T00:00:00+0000,70.0,69.99,16880205.0,70.68,69.75,1.0,0.0
624,MSFT,2017-07-10T00:00:00+0000,69.46,69.98,14903400.0,70.25,69.2,1.0,0.0
625,MSFT,2017-07-07T00:00:00+0000,68.7,69.46,15897154.0,69.84,68.7,1.0,0.0
626,MSFT,2017-07-06T00:00:00+0000,68.27,68.57,20776555.0,68.78,68.12,1.0,0.0
627,MSFT,2017-07-05T00:00:00+0000,68.255,69.08,20174523.0,69.44,68.22,1.0,0.0
628,MSFT,2017-07-03T00:00:00+0000,69.33,68.17,16165500.0,69.6,68.02,1.0,0.0
629,MSFT,2017-06-30T00:00:00+0000,68.78,68.93,23039328.0,69.38,68.74,1.0,0.0
630,MSFT,2017-06-29T00:00:00+0000,69.38,68.49,28231562.0,69.49,68.09,1.0,0.0
631,MSFT,2017-06-28T00:00:00+0000,69.21,69.8,25226070.0,69.841,68.79,1.0,0.0
632,MSFT,2017-06-27T00:00:00+0000,70.11,69.21,24862560.0,70.18,69.18,1.0,0.0
633,MSFT,2017-06-26T00:00:00+0000,71.4,70.53,19308122.0,71.71,70.445,1.0,0.0
634,MSFT,2017-06-23T00:00:00+0000,70.09,71.21,23176418.0,71.25,69.92,1.0,0.0
635,MSFT,2017-06-22T00:00:00+0000,70.54,70.26,22222851.0,70.59,69.71,1.0,0.0
636,MSFT,2017-06-21T00:00:00+0000,70.21,70.27,19190623.0,70.62,69.94,1.0,0.0
637,MSFT,2017-06-20T00:00:00+0000,70.82,69.91,20775590.0,70.87,69.87,1.0,0.0
638,MSFT,2017-06-19T00:00:00+0000,70.5,70.87,23146852.0,70.945,70.35,1.0,0.0
639,MSFT,2017-06-16T00:00:00+0000,69.73,70.0,46911637.0,70.0252,69.22,1.0,0.0
640,MSFT,2017-06-15T00:00:00+0000,69.27,69.9,25701569.0,70.21,68.8,1.0,0.0
641,MSFT,2017-06-14T00:00:00+0000,70.91,70.27,25271276.0,71.1,69.43,1.0,0.0
642,MSFT,2017-06-13T00:00:00+0000,70.02,70.65,24815455.0,70.82,69.96,1.0,0.0
643,MSFT,2017-06-12T00:00:00+0000,69.25,69.78,47363986.0,69.94,68.13,1.0,0.0
644,MSFT,2017-06-09T00:00:00+0000,72.035,70.32,48619420.0,72.08,68.59,1.0,0.0
645,MSFT,2017-06-08T00:00:00+0000,72.51,71.95,23982410.0,72.52,71.5,1.0,0.0
646,MSFT,2017-06-07T00:00:00+0000,72.635,72.39,21895156.0,72.77,71.95,1.0,0.0
647,MSFT,2017-06-06T00:00:00+0000,72.3,72.52,31220057.0,72.62,72.27,1.0,0.0
648,MSFT,2017-06-05T00:00:00+0000,71.97,72.28,29507429.0,72.89,71.81,1.0,0.0
649,MSFT,2017-06-02T00:00:00+0000,70.44,71.76,34586054.0,71.86,70.24,1.0,0.0
650,MSFT,2017-06-01T00:00:00+0000,70.24,70.1,21066468.0,70.61,69.451,1.0,0.0
651,MSFT,2017-05-31T00:00:00+0000,70.53,69.84,29538356.0,70.74,69.81,1.0,0.0
652,MSFT,2017-05-30T00:00:00+0000,69.79,70.41,16901792.0,70.41,69.77,1.0,0.0
653,MSFT,2017-05-26T00:00:00+0000,69.8,69.96,19644260.0,70.22,69.52,1.0,0.0
654,MSFT,2017-05-25T00:00:00+0000,68.97,69.62,21702912.0,69.88,68.91,1.0,0.0
655,MSFT,2017-05-24T00:00:00+0000,68.87,68.77,14422965.0,68.88,68.45,1.0,0.0
656,MSFT,2017-05-23T00:00:00+0000,68.72,68.68,15347877.0,68.75,68.38,1.0,0.0
657,MSFT,2017-05-22T00:00:00+0000,67.89,68.45,15484530.0,68.5,67.5,1.0,0.0
658,MSFT,2017-05-19T00:00:00+0000,67.5,67.69,26496478.0,68.095,67.43,1.0,0.0
659,MSFT,2017-05-18T00:00:00+0000,67.4,67.71,24789790.0,68.13,67.14,1.0,0.0
660,MSFT,2017-05-17T00:00:00+0000,68.89,67.48,29964198.0,69.1,67.43,1.0,0.0
661,MSFT,2017-05-16T00:00:00+0000,68.23,69.41,33250702.0,69.44,68.16,1.0,0.39
662,MSFT,2017-05-15T00:00:00+0000,68.14,68.43,30705323.0,68.48,67.57,1.0,0.0
663,MSFT,2017-05-12T00:00:00+0000,68.61,68.38,17073013.0,68.61,68.04,1.0,0.0
664,MSFT,2017-05-11T00:00:00+0000,68.36,68.46,27985424.0,68.73,68.12,1.0,0.0
665,MSFT,2017-05-10T00:00:00+0000,68.99,69.31,17842038.0,69.56,68.92,1.0,0.0
666,MSFT,2017-05-09T00:00:00+0000,68.86,69.04,22318181.0,69.28,68.68,1.0,0.0
667,MSFT,2017-05-08T00:00:00+0000,68.97,68.94,18446053.0,69.05,68.42,1.0,0.0
668,MSFT,2017-05-05T00:00:00+0000,68.9,69.0,18882845.0,69.03,68.485,1.0,0.0
669,MSFT,2017-05-04T00:00:00+0000,69.03,68.81,21421413.0,69.08,68.64,1.0,0.0
670,MSFT,2017-05-03T00:00:00+0000,69.38,69.08,28725646.0,69.38,68.71,1.0,0.0
671,MSFT,2017-05-02T00:00:00+0000,69.71,69.3,23000828.0,69.71,69.13,1.0,0.0
672,MSFT,2017-05-01T00:00:00+0000,68.68,69.41,31304672.0,69.55,68.5,1.0,0.0
673,MSFT,2017-04-28T00:00:00+0000,68.91,68.46,38940853.0,69.14,67.69,1.0,0.0
674,MSFT,2017-04-27T00:00:00+0000,68.15,68.27,32219234.0,68.38,67.58,1.0,0.0
675,MSFT,2017-04-26T00:00:00+0000,68.08,67.83,25544417.0,68.31,67.62,1.0,0.0
676,MSFT,2017-04-25T00:00:00+0000,67.9,67.92,29983174.0,68.04,67.6,1.0,0.0
677,MSFT,2017-04-24T00:00:00+0000,67.48,67.53,29721254.0,67.66,67.1,1.0,0.0
678,MSFT,2017-04-21T00:00:00+0000,65.67,66.4,32522645.0,66.7,65.45,1.0,0.0
679,MSFT,2017-04-20T00:00:00+0000,65.46,65.5,22299477.0,65.75,65.14,1.0,0.0
680,MSFT,2017-04-19T00:00:00+0000,65.65,65.04,26992771.0,65.75,64.89,1.0,0.0
681,MSFT,2017-04-18T00:00:00+0000,65.33,65.39,15155611.0,65.71,65.16,1.0,0.0
682,MSFT,2017-04-17T00:00:00+0000,65.04,65.48,16689265.0,65.49,65.01,1.0,0.0
683,MSFT,2017-04-13T00:00:00+0000,65.29,64.95,17896483.0,65.86,64.95,1.0,0.0
684,MSFT,2017-04-12T00:00:00+0000,65.42,65.23,17108513.0,65.51,65.11,1.0,0.0
685,MSFT,2017-04-11T00:00:00+0000,65.6,65.48,18791533.0,65.61,64.85,1.0,0.0
686,MSFT,2017-04-10T00:00:00+0000,65.61,65.53,17952742.0,65.82,65.36,1.0,0.0
687,MSFT,2017-04-07T00:00:00+0000,65.85,65.68,14089274.0,65.96,65.44,1.0,0.0
688,MSFT,2017-04-06T00:00:00+0000,65.6,65.73,18103453.0,66.055,65.48,1.0,0.0
689,MSFT,2017-04-05T00:00:00+0000,66.3,65.56,21448594.0,66.35,65.4443,1.0,0.0
690,MSFT,2017-04-04T00:00:00+0000,65.39,65.73,12997449.0,65.81,65.28,1.0,0.0
691,MSFT,2017-04-03T00:00:00+0000,65.81,65.55,20400871.0,65.94,65.19,1.0,0.0
692,MSFT,2017-03-31T00:00:00+0000,65.65,65.86,21040331.0,66.19,65.45,1.0,0.0
693,MSFT,2017-03-30T00:00:00+0000,65.42,65.71,15122823.0,65.98,65.36,1.0,0.0
694,MSFT,2017-03-29T00:00:00+0000,65.12,65.47,13618424.0,65.5,64.9475,1.0,0.0
695,MSFT,2017-03-28T00:00:00+0000,64.96,65.29,20080358.0,65.47,64.65,1.0,0.0
696,MSFT,2017-03-27T00:00:00+0000,64.63,65.1,18614662.0,65.22,64.35,1.0,0.0
697,MSFT,2017-03-24T00:00:00+0000,65.36,64.98,22617105.0,65.45,64.76,1.0,0.0
698,MSFT,2017-03-23T00:00:00+0000,64.94,64.87,19269203.0,65.235,64.765,1.0,0.0
699,MSFT,2017-03-22T00:00:00+0000,64.12,65.03,20680015.0,65.14,64.12,1.0,0.0
700,MSFT,2017-03-21T00:00:00+0000,65.19,64.21,26640480.0,65.5,64.13,1.0,0.0
701,MSFT,2017-03-20T00:00:00+0000,64.91,64.93,14598083.0,65.175,64.72,1.0,0.0
702,MSFT,2017-03-17T00:00:00+0000,64.91,64.87,49219686.0,65.24,64.68,1.0,0.0
703,MSFT,2017-03-16T00:00:00+0000,64.75,64.64,20674296.0,64.76,64.3,1.0,0.0
704,MSFT,2017-03-15T00:00:00+0000,64.55,64.75,24833810.0,64.92,64.25,1.0,0.0
705,MSFT,2017-03-14T00:00:00+0000,64.53,64.41,14280202.0,64.55,64.15,1.0,0.0
706,MSFT,2017-03-13T00:00:00+0000,65.01,64.71,20100035.0,65.195,64.57,1.0,0.0
707,MSFT,2017-03-10T00:00:00+0000,65.11,64.93,19538245.0,65.26,64.75,1.0,0.0
708,MSFT,2017-03-09T00:00:00+0000,65.19,64.73,19846832.0,65.2,64.48,1.0,0.0
709,MSFT,2017-03-08T00:00:00+0000,64.26,64.99,21510907.0,65.085,64.25,1.0,0.0
710,MSFT,2017-03-07T00:00:00+0000,64.19,64.4,18520987.0,64.775,64.19,1.0,0.0
711,MSFT,2017-03-06T00:00:00+0000,63.97,64.27,18750255.0,64.56,63.81,1.0,0.0
712,MSFT,2017-03-03T00:00:00+0000,63.99,64.25,18139405.0,64.28,63.62,1.0,0.0
713,MSFT,2017-03-02T00:00:00+0000,64.69,64.01,24539597.0,64.75,63.88,1.0,0.0
714,MSFT,2017-03-01T00:00:00+0000,64.13,64.94,26937459.0,64.99,64.0218,1.0,0.0
715,MSFT,2017-02-28T00:00:00+0000,64.08,63.98,23239825.0,64.2,63.76,1.0,0.0
716,MSFT,2017-02-27T00:00:00+0000,64.54,64.23,15871507.0,64.54,64.045,1.0,0.0
717,MSFT,2017-02-24T00:00:00+0000,64.53,64.62,21796800.0,64.8,64.135,1.0,0.0
718,MSFT,2017-02-23T00:00:00+0000,64.42,64.62,20273128.0,64.7285,64.195,1.0,0.0
719,MSFT,2017-02-22T00:00:00+0000,64.33,64.36,19292651.0,64.39,64.05,1.0,0.0
720,MSFT,2017-02-21T00:00:00+0000,64.61,64.49,20655869.0,64.95,64.45,1.0,0.0
721,MSFT,2017-02-17T00:00:00+0000,64.47,64.62,21248818.0,64.69,64.3,1.0,0.0
722,MSFT,2017-02-16T00:00:00+0000,64.74,64.52,20546345.0,65.24,64.44,1.0,0.0
723,MSFT,2017-02-15T00:00:00+0000,64.5,64.53,17005157.0,64.57,64.155,1.0,0.0
724,MSFT,2017-02-14T00:00:00+0000,64.41,64.57,23108426.0,64.72,64.02,1.0,0.39
725,MSFT,2017-02-13T00:00:00+0000,64.24,64.72,22920101.0,64.86,64.13,1.0,0.0
726,MSFT,2017-02-10T00:00:00+0000,64.25,64.0,18170729.0,64.3,63.975,1.0,0.0
727,MSFT,2017-02-09T00:00:00+0000,63.52,64.06,22644443.0,64.435,63.32,1.0,0.0
728,MSFT,2017-02-08T00:00:00+0000,63.57,63.34,18096358.0,63.81,63.22,1.0,0.0
729,MSFT,2017-02-07T00:00:00+0000,63.74,63.43,20277226.0,63.78,63.23,1.0,0.0
730,MSFT,2017-02-06T00:00:00+0000,63.5,63.64,19796360.0,63.65,63.14,1.0,0.0
731,MSFT,2017-02-03T00:00:00+0000,63.5,63.68,30301759.0,63.7,63.07,1.0,0.0
732,MSFT,2017-02-02T00:00:00+0000,63.25,63.17,45827013.0,63.41,62.75,1.0,0.0
733,MSFT,2017-02-01T00:00:00+0000,64.355,63.58,39671528.0,64.62,63.47,1.0,0.0
734,MSFT,2017-01-31T00:00:00+0000,64.86,64.65,25270549.0,65.15,64.26,1.0,0.0
735,MSFT,2017-01-30T00:00:00+0000,65.69,65.13,31651445.0,65.79,64.8,1.0,0.0
736,MSFT,2017-01-27T00:00:00+0000,65.39,65.78,44817972.0,65.91,64.89,1.0,0.0
737,MSFT,2017-01-26T00:00:00+0000,64.12,64.27,43554645.0,64.535,63.55,1.0,0.0
738,MSFT,2017-01-25T00:00:00+0000,63.95,63.68,24654933.0,64.1,63.45,1.0,0.0
739,MSFT,2017-01-24T00:00:00+0000,63.2,63.52,24672940.0,63.735,62.94,1.0,0.0
740,MSFT,2017-01-23T00:00:00+0000,62.7,62.96,23097581.0,63.1159,62.57,1.0,0.0
741,MSFT,2017-01-20T00:00:00+0000,62.67,62.74,30213462.0,62.82,62.37,1.0,0.0
742,MSFT,2017-01-19T00:00:00+0000,62.24,62.3,18451655.0,62.98,62.195,1.0,0.0
743,MSFT,2017-01-18T00:00:00+0000,62.67,62.5,19670102.0,62.7,62.12,1.0,0.0
744,MSFT,2017-01-17T00:00:00+0000,62.68,62.53,20663983.0,62.7,62.03,1.0,0.0
745,MSFT,2017-01-13T00:00:00+0000,62.62,62.7,19422310.0,62.865,62.35,1.0,0.0
746,MSFT,2017-01-12T00:00:00+0000,63.06,62.61,20968223.0,63.4,61.95,1.0,0.0
747,MSFT,2017-01-11T00:00:00+0000,62.61,63.19,21517335.0,63.23,62.43,1.0,0.0
748,MSFT,2017-01-10T00:00:00+0000,62.73,62.62,18593004.0,63.07,62.28,1.0,0.0
749,MSFT,2017-01-09T00:00:00+0000,62.76,62.64,20382730.0,63.08,62.54,1.0,0.0
750,MSFT,2017-01-06T00:00:00+0000,62.3,62.84,19922919.0,63.15,62.04,1.0,0.0
751,MSFT,2017-01-05T00:00:00+0000,62.19,62.3,24875968.0,62.66,62.03,1.0,0.0
752,MSFT,2017-01-04T00:00:00+0000,62.48,62.3,21339969.0,62.75,62.12,1.0,0.0
753,MSFT,2017-01-03T00:00:00+0000,62.79,62.58,20694101.0,62.84,62.125,1.0,0.0
754,MSFT,2016-12-30T00:00:00+0000,62.96,62.14,25579908.0,62.99,62.03,1.0,0.0
755,MSFT,2016-12-29T00:00:00+0000,62.86,62.9,10250582.0,63.2,62.73,1.0,0.0
756,MSFT,2016-12-28T00:00:00+0000,63.4,62.99,14653348.0,63.4,62.83,1.0,0.0
757,MSFT,2016-12-27T00:00:00+0000,63.21,63.28,11763173.0,64.07,63.21,1.0,0.0
758,MSFT,2016-12-23T00:00:00+0000,63.45,63.24,12403819.0,63.54,62.8,1.0,0.0
759,MSFT,2016-12-22T00:00:00+0000,63.84,63.55,22176585.0,64.1,63.405,1.0,0.0
760,MSFT,2016-12-21T00:00:00+0000,63.43,63.54,17096304.0,63.7,63.12,1.0,0.0
761,MSFT,2016-12-20T00:00:00+0000,63.69,63.54,26028379.0,63.8,63.025,1.0,0.0
762,MSFT,2016-12-19T00:00:00+0000,62.56,63.62,34338219.0,63.77,62.42,1.0,0.0
763,MSFT,2016-12-16T00:00:00+0000,62.95,62.3,42453083.0,62.95,62.115,1.0,0.0
764,MSFT,2016-12-15T00:00:00+0000,62.7,62.58,27669868.0,63.1535,62.3,1.0,0.0
765,MSFT,2016-12-14T00:00:00+0000,63.0,62.68,30352654.0,63.45,62.53,1.0,0.0
766,MSFT,2016-12-13T00:00:00+0000,62.5,62.98,35718868.0,63.42,62.24,1.0,0.0
767,MSFT,2016-12-12T00:00:00+0000,61.82,62.17,20198081.0,62.3,61.72,1.0,0.0
768,MSFT,2016-12-09T00:00:00+0000,61.18,61.97,27349356.0,61.99,61.125,1.0,0.0
769,MSFT,2016-12-08T00:00:00+0000,61.3,61.01,21220753.0,61.58,60.84,1.0,0.0
770,MSFT,2016-12-07T00:00:00+0000,60.01,61.37,30808969.0,61.38,59.8,1.0,0.0
771,MSFT,2016-12-06T00:00:00+0000,60.43,59.95,19907035.0,60.46,59.8,1.0,0.0
772,MSFT,2016-12-05T00:00:00+0000,59.7,60.22,23552658.0,60.585,59.56,1.0,0.0
773,MSFT,2016-12-02T00:00:00+0000,59.08,59.25,25515665.0,59.47,58.8,1.0,0.0
774,MSFT,2016-12-01T00:00:00+0000,60.11,59.2,34542121.0,60.15,58.935,1.0,0.0
775,MSFT,2016-11-30T00:00:00+0000,60.86,60.26,34655435.0,61.18,60.215,1.0,0.0
776,MSFT,2016-11-29T00:00:00+0000,60.65,61.09,22366721.0,61.41,60.52,1.0,0.0
777,MSFT,2016-11-28T00:00:00+0000,60.34,60.61,20732619.0,61.02,60.21,1.0,0.0
778,MSFT,2016-11-25T00:00:00+0000,60.3,60.53,8409616.0,60.53,60.13,1.0,0.0
779,MSFT,2016-11-23T00:00:00+0000,61.01,60.4,21848913.0,61.1,60.25,1.0,0.0
780,MSFT,2016-11-22T00:00:00+0000,60.98,61.12,23206700.0,61.26,60.805,1.0,0.0
781,MSFT,2016-11-21T00:00:00+0000,60.5,60.86,19652595.0,60.97,60.42,1.0,0.0
782,MSFT,2016-11-18T00:00:00+0000,60.78,60.35,27686311.0,61.14,60.3,1.0,0.0
783,MSFT,2016-11-17T00:00:00+0000,60.41,60.64,32132728.0,60.95,59.965,1.0,0.0
784,MSFT,2016-11-16T00:00:00+0000,58.94,59.65,27332475.0,59.66,58.81,1.0,0.0
785,MSFT,2016-11-15T00:00:00+0000,58.33,58.87,35904126.0,59.49,58.315,1.0,0.39
786,MSFT,2016-11-14T00:00:00+0000,59.02,58.12,41328422.0,59.08,57.28,1.0,0.0
787,MSFT,2016-11-11T00:00:00+0000,58.23,59.02,38767843.0,59.116,58.01,1.0,0.0
788,MSFT,2016-11-10T00:00:00+0000,60.48,58.7,57822394.0,60.49,57.6302,1.0,0.0
789,MSFT,2016-11-09T00:00:00+0000,60.0,60.17,49632479.0,60.59,59.2,1.0,0.0
790,MSFT,2016-11-08T00:00:00+0000,60.55,60.47,22935355.0,60.78,60.15,1.0,0.0
791,MSFT,2016-11-07T00:00:00+0000,59.78,60.42,31664798.0,60.52,59.78,1.0,0.0
792,MSFT,2016-11-04T00:00:00+0000,58.65,58.71,28697016.0,59.28,58.52,1.0,0.0
793,MSFT,2016-11-03T00:00:00+0000,59.53,59.21,21600427.0,59.64,59.11,1.0,0.0
794,MSFT,2016-11-02T00:00:00+0000,59.82,59.43,22147005.0,59.93,59.3,1.0,0.0
795,MSFT,2016-11-01T00:00:00+0000,59.97,59.8,24532986.0,60.02,59.25,1.0,0.0
796,MSFT,2016-10-31T00:00:00+0000,60.16,59.92,26434697.0,60.42,59.92,1.0,0.0
797,MSFT,2016-10-28T00:00:00+0000,60.01,59.87,33574684.0,60.52,59.58,1.0,0.0
798,MSFT,2016-10-27T00:00:00+0000,60.61,60.1,28479856.0,60.83,60.09,1.0,0.0
799,MSFT,2016-10-26T00:00:00+0000,60.81,60.63,29911608.0,61.2,60.47,1.0,0.0
800,MSFT,2016-10-25T00:00:00+0000,60.85,60.99,35137164.0,61.3699,60.8,1.0,0.0
801,MSFT,2016-10-24T00:00:00+0000,59.94,61.0,54066978.0,61.0,59.93,1.0,0.0
802,MSFT,2016-10-21T00:00:00+0000,60.28,59.66,80032206.0,60.45,59.485,1.0,0.0
803,MSFT,2016-10-20T00:00:00+0000,57.5,57.25,49455612.0,57.52,56.66,1.0,0.0
804,MSFT,2016-10-19T00:00:00+0000,57.47,57.53,22878397.0,57.84,57.395,1.0,0.0
805,MSFT,2016-10-18T00:00:00+0000,57.53,57.66,19149538.0,57.945,57.41,1.0,0.0
806,MSFT,2016-10-17T00:00:00+0000,57.36,57.22,23830014.0,57.46,56.87,1.0,0.0
807,MSFT,2016-10-14T00:00:00+0000,57.12,57.42,27402451.0,57.74,57.12,1.0,0.0
808,MSFT,2016-10-13T00:00:00+0000,56.7,56.92,25313748.0,57.3,56.315,1.0,0.0
809,MSFT,2016-10-12T00:00:00+0000,57.11,57.11,22177464.0,57.27,56.4,1.0,0.0
810,MSFT,2016-10-11T00:00:00+0000,57.89,57.19,26497418.0,58.02,56.89,1.0,0.0
811,MSFT,2016-10-10T00:00:00+0000,57.91,58.04,18196509.0,58.39,57.87,1.0,0.0
812,MSFT,2016-10-07T00:00:00+0000,57.85,57.8,20089020.0,57.98,57.42,1.0,0.0
813,MSFT,2016-10-06T00:00:00+0000,57.74,57.74,16212611.0,57.86,57.28,1.0,0.0
814,MSFT,2016-10-05T00:00:00+0000,57.29,57.64,16726411.0,57.9601,57.26,1.0,0.0
815,MSFT,2016-10-04T00:00:00+0000,57.27,57.24,20085874.0,57.595,56.97,1.0,0.0
816,MSFT,2016-10-03T00:00:00+0000,57.405,57.42,19189515.0,57.55,57.06,1.0,0.0
817,MSFT,2016-09-30T00:00:00+0000,57.57,57.6,29910788.0,57.77,57.34,1.0,0.0
818,MSFT,2016-09-29T00:00:00+0000,57.81,57.4,25463536.0,58.1679,57.21,1.0,0.0
819,MSFT,2016-09-28T00:00:00+0000,57.88,58.03,20536400.0,58.06,57.67,1.0,0.0
820,MSFT,2016-09-27T00:00:00+0000,56.93,57.95,28065071.0,58.06,56.681,1.0,0.0
821,MSFT,2016-09-26T00:00:00+0000,57.08,56.9,21688720.0,57.14,56.83,1.0,0.0
822,MSFT,2016-09-23T00:00:00+0000,57.87,57.43,19955336.0,57.91,57.38,1.0,0.0
823,MSFT,2016-09-22T00:00:00+0000,57.92,57.82,19822203.0,58.0,57.63,1.0,0.0
824,MSFT,2016-09-21T00:00:00+0000,57.51,57.76,33707272.0,57.85,57.08,1.0,0.0
825,MSFT,2016-09-20T00:00:00+0000,57.35,56.81,17383982.0,57.35,56.75,1.0,0.0
826,MSFT,2016-09-19T00:00:00+0000,57.27,56.93,20937104.0,57.75,56.85,1.0,0.0
827,MSFT,2016-09-16T00:00:00+0000,57.63,57.25,44606965.0,57.63,56.75,1.0,0.0
828,MSFT,2016-09-15T00:00:00+0000,56.15,57.19,27062614.0,57.35,55.98,1.0,0.0
829,MSFT,2016-09-14T00:00:00+0000,56.39,56.26,24274273.0,56.63,56.03,1.0,0.0
830,MSFT,2016-09-13T00:00:00+0000,56.5,56.53,30130213.0,56.65,56.05,1.0,0.0
831,MSFT,2016-09-12T00:00:00+0000,56.0,57.05,29302962.0,57.205,55.61,1.0,0.0
832,MSFT,2016-09-09T00:00:00+0000,56.79,56.21,35113934.0,57.52,56.21,1.0,0.0
833,MSFT,2016-09-08T00:00:00+0000,57.63,57.43,20146083.0,57.79,57.18,1.0,0.0
834,MSFT,2016-09-07T00:00:00+0000,57.47,57.66,17493359.0,57.84,57.405,1.0,0.0
835,MSFT,2016-09-06T00:00:00+0000,57.78,57.61,16278416.0,57.8,57.21,1.0,0.0
836,MSFT,2016-09-02T00:00:00+0000,57.67,57.67,18900489.0,58.19,57.42,1.0,0.0
837,MSFT,2016-09-01T00:00:00+0000,57.01,57.59,26075363.0,57.82,57.01,1.0,0.0
838,MSFT,2016-08-31T00:00:00+0000,57.65,57.46,20860269.0,57.8,57.3,1.0,0.0
839,MSFT,2016-08-30T00:00:00+0000,57.98,57.89,16930185.0,58.19,57.61,1.0,0.0
840,MSFT,2016-08-29T00:00:00+0000,58.18,58.1,16417207.0,58.6,58.1,1.0,0.0
841,MSFT,2016-08-26T00:00:00+0000,58.28,58.03,20971202.0,58.7,57.69,1.0,0.0
842,MSFT,2016-08-25T00:00:00+0000,57.88,58.17,18552579.0,58.29,57.78,1.0,0.0
843,MSFT,2016-08-24T00:00:00+0000,57.8,57.95,18151506.0,58.04,57.715,1.0,0.0
844,MSFT,2016-08-23T00:00:00+0000,57.9,57.89,18732373.0,58.18,57.85,1.0,0.0
845,MSFT,2016-08-22T00:00:00+0000,57.6,57.67,15221922.0,57.75,57.26,1.0,0.0
846,MSFT,2016-08-19T00:00:00+0000,57.43,57.62,17271044.0,57.73,57.2,1.0,0.0
847,MSFT,2016-08-18T00:00:00+0000,57.42,57.6,14214341.0,57.7,57.27,1.0,0.0
848,MSFT,2016-08-17T00:00:00+0000,57.54,57.56,18856423.0,57.68,57.23,1.0,0.0
849,MSFT,2016-08-16T00:00:00+0000,57.61,57.44,20523493.0,57.62,57.27,1.0,0.36
850,MSFT,2016-08-15T00:00:00+0000,58.01,58.12,19283902.0,58.5,57.96,1.0,0.0
851,MSFT,2016-08-12T00:00:00+0000,58.03,57.94,21655161.0,58.19,57.62,1.0,0.0
852,MSFT,2016-08-11T00:00:00+0000,58.03,58.3,18162301.0,58.45,58.03,1.0,0.0
853,MSFT,2016-08-10T00:00:00+0000,58.16,58.02,15756913.0,58.32,57.82,1.0,0.0
854,MSFT,2016-08-09T00:00:00+0000,58.17,58.2,16920721.0,58.5,58.02,1.0,0.0
855,MSFT,2016-08-08T00:00:00+0000,58.055,58.06,19473499.0,58.085,57.78,1.0,0.0
856,MSFT,2016-08-05T00:00:00+0000,57.65,57.96,29335221.0,58.21,57.45,1.0,0.0
857,MSFT,2016-08-04T00:00:00+0000,56.8,57.39,26587749.0,57.5193,56.67,1.0,0.0
858,MSFT,2016-08-03T00:00:00+0000,56.68,56.97,22075616.0,57.11,56.49,1.0,0.0
859,MSFT,2016-08-02T00:00:00+0000,56.85,56.58,35121958.0,56.9,56.31,1.0,0.0
860,MSFT,2016-08-01T00:00:00+0000,56.6,56.58,26003419.0,56.75,56.14,1.0,0.0
861,MSFT,2016-07-29T00:00:00+0000,56.26,56.68,30558718.0,56.76,56.05,1.0,0.0
862,MSFT,2016-07-28T00:00:00+0000,56.0,56.21,37550411.0,56.37,55.72,1.0,0.0
863,MSFT,2016-07-27T00:00:00+0000,56.61,56.19,32327477.0,56.8,56.11,1.0,0.0
864,MSFT,2016-07-26T00:00:00+0000,56.52,56.76,28078995.0,57.29,56.51,1.0,0.0
865,MSFT,2016-07-25T00:00:00+0000,56.47,56.73,25610587.0,56.74,56.255,1.0,0.0
866,MSFT,2016-07-22T00:00:00+0000,56.08,56.57,32157167.0,56.6275,55.78,1.0,0.0
867,MSFT,2016-07-21T00:00:00+0000,55.98,55.8,32776653.0,56.23,55.76,1.0,0.0
868,MSFT,2016-07-20T00:00:00+0000,56.15,55.91,89893301.0,56.84,55.53,1.0,0.0
869,MSFT,2016-07-19T00:00:00+0000,53.71,53.09,53336533.0,53.9,52.93,1.0,0.0
870,MSFT,2016-07-18T00:00:00+0000,53.7,53.96,31433864.0,54.34,53.55,1.0,0.0
871,MSFT,2016-07-15T00:00:00+0000,53.95,53.7,32024385.0,54.0,53.21,1.0,0.0
872,MSFT,2016-07-14T00:00:00+0000,53.84,53.74,24545520.0,53.99,53.58,1.0,0.0
873,MSFT,2016-07-13T00:00:00+0000,53.56,53.51,25356841.0,53.86,53.18,1.0,0.0
874,MSFT,2016-07-12T00:00:00+0000,52.94,53.21,27317555.0,53.4,52.785,1.0,0.0
875,MSFT,2016-07-11T00:00:00+0000,52.5,52.59,22269203.0,52.83,52.47,1.0,0.0
876,MSFT,2016-07-08T00:00:00+0000,51.73,52.3,28391026.0,52.36,51.55,1.0,0.0
877,MSFT,2016-07-07T00:00:00+0000,51.42,51.38,19585194.0,51.61,51.07,1.0,0.0
878,MSFT,2016-07-06T00:00:00+0000,50.78,51.38,28167461.0,51.54,50.39,1.0,0.0
879,MSFT,2016-07-05T00:00:00+0000,50.83,51.17,24806351.0,51.28,50.74,1.0,0.0
880,MSFT,2016-07-01T00:00:00+0000,51.13,51.16,21400392.0,51.72,51.07,1.0,0.0
881,MSFT,2016-06-30T00:00:00+0000,50.72,51.17,28527781.0,51.3,50.5,1.0,0.0
882,MSFT,2016-06-29T00:00:00+0000,49.91,50.54,31304021.0,50.72,49.8,1.0,0.0
883,MSFT,2016-06-28T00:00:00+0000,48.92,49.44,38140658.0,49.47,48.67,1.0,0.0
884,MSFT,2016-06-27T00:00:00+0000,49.1,48.43,50576699.0,49.1466,48.035,1.0,0.0
885,MSFT,2016-06-24T00:00:00+0000,49.81,49.83,133502985.0,50.94,49.52,1.0,0.0
886,MSFT,2016-06-23T00:00:00+0000,51.28,51.91,29028833.0,52.06,51.15,1.0,0.0
887,MSFT,2016-06-22T00:00:00+0000,51.08,50.99,28816848.0,51.46,50.9525,1.0,0.0
888,MSFT,2016-06-21T00:00:00+0000,50.2,51.19,34097825.0,51.43,50.16,1.0,0.0
889,MSFT,2016-06-20T00:00:00+0000,50.64,50.07,35607946.0,50.83,50.03,1.0,0.0
890,MSFT,2016-06-17T00:00:00+0000,50.41,50.13,45710516.0,50.43,49.82,1.0,0.0
891,MSFT,2016-06-16T00:00:00+0000,49.52,50.39,31188605.0,50.47,49.5068,1.0,0.0
892,MSFT,2016-06-15T00:00:00+0000,49.78,49.69,33757639.0,50.12,49.69,1.0,0.0
893,MSFT,2016-06-14T00:00:00+0000,49.9,49.83,42577106.0,50.1,49.57,1.0,0.0
894,MSFT,2016-06-13T00:00:00+0000,49.58,50.14,83217844.0,50.715,49.06,1.0,0.0
895,MSFT,2016-06-10T00:00:00+0000,51.05,51.48,25833151.0,52.05,51.04,1.0,0.0
896,MSFT,2016-06-09T00:00:00+0000,52.0,51.62,20305664.0,52.0,51.49,1.0,0.0
897,MSFT,2016-06-08T00:00:00+0000,52.02,52.04,21149438.0,52.44,51.87,1.0,0.0
898,MSFT,2016-06-07T00:00:00+0000,52.24,52.1,20866770.0,52.73,52.1,1.0,0.0
899,MSFT,2016-06-06T00:00:00+0000,51.99,52.13,18243271.0,52.35,51.89,1.0,0.0
900,MSFT,2016-06-03T00:00:00+0000,52.38,51.79,23368291.0,52.42,51.6,1.0,0.0
901,MSFT,2016-06-02T00:00:00+0000,52.64,52.48,22840779.0,52.74,51.835,1.0,0.0
902,MSFT,2016-06-01T00:00:00+0000,52.44,52.85,25324828.0,52.95,52.44,1.0,0.0
903,MSFT,2016-05-31T00:00:00+0000,52.26,53.0,37653081.0,53.0,52.08,1.0,0.0
904,MSFT,2016-05-27T00:00:00+0000,51.92,52.32,17721438.0,52.32,51.77,1.0,0.0
905,MSFT,2016-05-26T00:00:00+0000,51.93,51.89,24335223.0,51.9793,51.36,1.0,0.0
906,MSFT,2016-05-25T00:00:00+0000,51.92,52.12,24204566.0,52.49,51.79,1.0,0.0
907,MSFT,2016-05-24T00:00:00+0000,50.7,51.59,34757944.0,51.71,50.4,1.0,0.0
908,MSFT,2016-05-23T00:00:00+0000,50.6,50.03,26118720.0,50.68,49.98,1.0,0.0
909,MSFT,2016-05-20T00:00:00+0000,50.48,50.62,23905769.0,51.22,50.4,1.0,0.0
910,MSFT,2016-05-19T00:00:00+0000,50.47,50.32,23842358.0,50.62,49.82,1.0,0.0
911,MSFT,2016-05-18T00:00:00+0000,50.48,50.81,24907532.0,51.14,50.3,1.0,0.0
912,MSFT,2016-05-17T00:00:00+0000,51.72,50.51,27803514.0,51.73,50.36,1.0,0.36
913,MSFT,2016-05-16T00:00:00+0000,50.8,51.83,20032017.0,51.96,50.75,1.0,0.0
914,MSFT,2016-05-13T00:00:00+0000,51.44,51.08,22592342.0,51.895,51.04,1.0,0.0
915,MSFT,2016-05-12T00:00:00+0000,51.2,51.51,24102781.0,51.81,50.92,1.0,0.0
916,MSFT,2016-05-11T00:00:00+0000,51.13,51.05,24039140.0,51.78,51.0,1.0,0.0
917,MSFT,2016-05-10T00:00:00+0000,50.33,51.02,22890966.0,51.1,50.19,1.0,0.0
918,MSFT,2016-05-09T00:00:00+0000,50.49,50.07,17951598.0,50.585,50.0,1.0,0.0
919,MSFT,2016-05-06T00:00:00+0000,49.92,50.39,24787301.0,50.39,49.66,1.0,0.0
920,MSFT,2016-05-05T00:00:00+0000,49.87,49.94,25390718.0,50.3,49.73,1.0,0.0
921,MSFT,2016-05-04T00:00:00+0000,49.84,49.87,24257556.0,50.06,49.46,1.0,0.0
922,MSFT,2016-05-03T00:00:00+0000,50.34,49.78,26460244.0,50.41,49.6,1.0,0.0
923,MSFT,2016-05-02T00:00:00+0000,50.0,50.61,33114539.0,50.75,49.7799,1.0,0.0
924,MSFT,2016-04-29T00:00:00+0000,49.35,49.87,48411684.0,50.25,49.35,1.0,0.0
925,MSFT,2016-04-28T00:00:00+0000,50.62,49.9,43134846.0,50.77,49.56,1.0,0.0
926,MSFT,2016-04-27T00:00:00+0000,51.48,50.94,43369256.0,51.5,50.55,1.0,0.0
927,MSFT,2016-04-26T00:00:00+0000,52.26,51.44,33532636.0,52.35,51.09,1.0,0.0
928,MSFT,2016-04-25T00:00:00+0000,51.78,52.11,33226948.0,52.13,51.63,1.0,0.0
929,MSFT,2016-04-22T00:00:00+0000,51.91,51.78,126834091.0,52.4297,50.77,1.0,0.0
930,MSFT,2016-04-21T00:00:00+0000,55.8,55.78,38909096.0,56.23,55.415,1.0,0.0
931,MSFT,2016-04-20T00:00:00+0000,56.29,55.59,36195714.0,56.5,55.485,1.0,0.0
932,MSFT,2016-04-19T00:00:00+0000,56.63,56.39,29596827.0,56.77,55.68,1.0,0.0
933,MSFT,2016-04-18T00:00:00+0000,55.49,56.46,23785950.0,56.59,55.21,1.0,0.0
934,MSFT,2016-04-15T00:00:00+0000,55.3,55.65,28793753.0,55.92,55.11,1.0,0.0
935,MSFT,2016-04-14T00:00:00+0000,55.22,55.36,20877108.0,55.575,55.07,1.0,0.0
936,MSFT,2016-04-13T00:00:00+0000,55.12,55.35,20817961.0,55.4375,54.89,1.0,0.0
937,MSFT,2016-04-12T00:00:00+0000,54.37,54.65,24944288.0,54.78,53.76,1.0,0.0
938,MSFT,2016-04-11T00:00:00+0000,54.49,54.31,21414227.0,55.15,54.3,1.0,0.0
939,MSFT,2016-04-08T00:00:00+0000,54.67,54.42,22167223.0,55.28,54.32,1.0,0.0
940,MSFT,2016-04-07T00:00:00+0000,54.87,54.46,19225092.0,54.91,54.23,1.0,0.0
941,MSFT,2016-04-06T00:00:00+0000,54.36,55.12,21188682.0,55.2,54.21,1.0,0.0
942,MSFT,2016-04-05T00:00:00+0000,55.19,54.56,19272255.0,55.3,54.46,1.0,0.0
943,MSFT,2016-04-04T00:00:00+0000,55.43,55.43,18928810.0,55.66,55.0,1.0,0.0
944,MSFT,2016-04-01T00:00:00+0000,55.05,55.57,24399193.0,55.61,54.57,1.0,0.0
945,MSFT,2016-03-31T00:00:00+0000,54.95,55.23,26360495.0,55.59,54.86,1.0,0.0
946,MSFT,2016-03-30T00:00:00+0000,54.93,55.05,23008260.0,55.64,54.9,1.0,0.0
947,MSFT,2016-03-29T00:00:00+0000,53.66,54.71,23924329.0,54.86,53.45,1.0,0.0
948,MSFT,2016-03-28T00:00:00+0000,54.21,53.54,17025050.0,54.29,53.33,1.0,0.0
949,MSFT,2016-03-24T00:00:00+0000,53.84,54.21,19949972.0,54.33,53.73,1.0,0.0
950,MSFT,2016-03-23T00:00:00+0000,54.11,53.97,20129015.0,54.24,53.74,1.0,0.0
951,MSFT,2016-03-22T00:00:00+0000,53.61,54.07,23124143.0,54.25,53.46,1.0,0.0
952,MSFT,2016-03-21T00:00:00+0000,53.25,53.86,23925716.0,53.9298,52.93,1.0,0.0
953,MSFT,2016-03-18T00:00:00+0000,54.92,53.49,67625518.0,54.97,53.445,1.0,0.0
954,MSFT,2016-03-17T00:00:00+0000,54.21,54.66,28223947.0,55.0,54.0,1.0,0.0
955,MSFT,2016-03-16T00:00:00+0000,53.45,54.35,31691742.0,54.6,53.4,1.0,0.0
956,MSFT,2016-03-15T00:00:00+0000,52.75,53.59,21104763.0,53.59,52.74,1.0,0.0
957,MSFT,2016-03-14T00:00:00+0000,52.71,53.17,24083616.0,53.59,52.63,1.0,0.0
958,MSFT,2016-03-11T00:00:00+0000,53.0,53.07,32275677.0,53.07,52.38,1.0,0.0
959,MSFT,2016-03-10T00:00:00+0000,52.93,52.05,38387804.0,52.94,51.16,1.0,0.0
960,MSFT,2016-03-09T00:00:00+0000,51.89,52.84,28251588.0,52.85,51.855,1.0,0.0
961,MSFT,2016-03-08T00:00:00+0000,50.8,51.65,33075517.0,52.13,50.595,1.0,0.0
962,MSFT,2016-03-07T00:00:00+0000,51.56,51.03,38428816.0,51.8,50.58,1.0,0.0
963,MSFT,2016-03-04T00:00:00+0000,52.4,52.03,33034150.0,52.45,51.71,1.0,0.0
964,MSFT,2016-03-03T00:00:00+0000,52.97,52.35,24427813.0,52.97,51.78,1.0,0.0
965,MSFT,2016-03-02T00:00:00+0000,52.41,52.95,29289884.0,52.96,52.155,1.0,0.0
966,MSFT,2016-03-01T00:00:00+0000,50.97,52.58,33024535.0,52.59,50.9199,1.0,0.0
967,MSFT,2016-02-29T00:00:00+0000,51.35,50.88,31654036.0,51.65,50.66,1.0,0.0
968,MSFT,2016-02-26T00:00:00+0000,52.6,51.3,35975925.0,52.68,51.1,1.0,0.0
969,MSFT,2016-02-25T00:00:00+0000,51.73,52.1,26939467.0,52.1,50.61,1.0,0.0
970,MSFT,2016-02-24T00:00:00+0000,50.69,51.36,33014457.0,51.5,50.2,1.0,0.0
971,MSFT,2016-02-23T00:00:00+0000,52.34,51.18,28895274.0,52.37,50.98,1.0,0.0
972,MSFT,2016-02-22T00:00:00+0000,52.28,52.65,25008291.0,53.0,52.28,1.0,0.0
973,MSFT,2016-02-19T00:00:00+0000,51.97,51.82,33559073.0,52.28,51.53,1.0,0.0
974,MSFT,2016-02-18T00:00:00+0000,52.33,52.19,27176035.0,52.95,52.1,1.0,0.0
975,MSFT,2016-02-17T00:00:00+0000,51.49,52.42,40788968.0,52.77,51.45,1.0,0.0
976,MSFT,2016-02-16T00:00:00+0000,50.9,51.09,37291208.0,51.09,50.13,1.0,0.36
977,MSFT,2016-02-12T00:00:00+0000,50.25,50.5,34243324.0,50.68,49.75,1.0,0.0
978,MSFT,2016-02-11T00:00:00+0000,48.68,49.69,48878571.0,50.11,48.51,1.0,0.0
979,MSFT,2016-02-10T00:00:00+0000,49.89,49.71,38236954.0,50.39,49.52,1.0,0.0
980,MSFT,2016-02-09T00:00:00+0000,49.02,49.28,46740474.0,50.24,48.67,1.0,0.0
981,MSFT,2016-02-08T00:00:00+0000,49.55,49.41,59290497.0,49.57,48.19,1.0,0.0
982,MSFT,2016-02-05T00:00:00+0000,51.94,50.16,62008994.0,52.0,49.56,1.0,0.0
983,MSFT,2016-02-04T00:00:00+0000,52.1,52.0,46987123.0,52.81,51.37,1.0,0.0
984,MSFT,2016-02-03T00:00:00+0000,53.25,52.16,57559814.0,53.39,51.26,1.0,0.0
985,MSFT,2016-02-02T00:00:00+0000,54.17,53.0,56313753.0,54.26,52.65,1.0,0.0
986,MSFT,2016-02-01T00:00:00+0000,54.88,54.71,44208542.0,55.09,54.495,1.0,0.0
987,MSFT,2016-01-29T00:00:00+0000,54.73,55.09,83611686.0,55.09,54.0,1.0,0.0
988,MSFT,2016-01-28T00:00:00+0000,51.86,52.055,62513789.0,52.21,51.25,1.0,0.0
989,MSFT,2016-01-27T00:00:00+0000,52.01,51.22,36775194.0,52.2,51.0201,1.0,0.0
990,MSFT,2016-01-26T00:00:00+0000,51.79,52.17,28900820.0,52.44,51.55,1.0,0.0
991,MSFT,2016-01-25T00:00:00+0000,51.94,51.79,34707717.0,52.65,51.65,1.0,0.0
992,MSFT,2016-01-22T00:00:00+0000,51.41,52.29,37555789.0,52.33,51.26,1.0,0.0
993,MSFT,2016-01-21T00:00:00+0000,51.0,50.48,40191157.0,51.58,50.3,1.0,0.0
994,MSFT,2016-01-20T00:00:00+0000,49.98,50.79,63272993.0,51.38,49.1,1.0,0.0
995,MSFT,2016-01-19T00:00:00+0000,51.48,50.56,43564538.0,51.68,50.06,1.0,0.0
996,MSFT,2016-01-15T00:00:00+0000,51.31,50.99,71820697.0,51.97,50.34,1.0,0.0
997,MSFT,2016-01-14T00:00:00+0000,52.0,53.11,52381918.0,53.4163,51.57,1.0,0.0
998,MSFT,2016-01-13T00:00:00+0000,53.8,51.64,66883571.0,54.07,51.3038,1.0,0.0
999,MSFT,2016-01-12T00:00:00+0000,52.76,52.78,36095539.0,53.1,52.06,1.0,0.0
1000,MSFT,2016-01-11T00:00:00+0000,52.51,52.3,36943756.0,52.85,51.46,1.0,0.0
1001,MSFT,2016-01-08T00:00:00+0000,52.37,52.33,48753969.0,53.28,52.15,1.0,0.0
1002,MSFT,2016-01-07T00:00:00+0000,52.7,52.17,56564852.0,53.485,52.07,1.0,0.0
1003,MSFT,2016-01-06T00:00:00+0000,54.32,54.05,39518863.0,54.4001,53.64,1.0,0.0
1004,MSFT,2016-01-05T00:00:00+0000,54.93,55.05,34079674.0,55.39,54.54,1.0,0.0
1005,MSFT,2016-01-04T00:00:00+0000,54.32,54.8,53777963.0,54.8,53.39,1.0,0.0
1006,MSFT,2015-12-31T00:00:00+0000,56.04,55.48,27334061.0,56.19,55.42,1.0,0.0
1007,MSFT,2015-12-30T00:00:00+0000,56.47,56.31,21704505.0,56.78,56.2875,1.0,0.0
1008,MSFT,2015-12-29T00:00:00+0000,56.29,56.55,27731403.0,56.85,56.06,1.0,0.0
1009,MSFT,2015-12-28T00:00:00+0000,55.35,55.95,22458293.0,55.95,54.98,1.0,0.0
1010,MSFT,2015-12-24T00:00:00+0000,55.86,55.67,9570002.0,55.96,55.43,1.0,0.0
1011,MSFT,2015-12-23T00:00:00+0000,55.7,55.82,27279832.0,55.88,55.44,1.0,0.0
1012,MSFT,2015-12-22T00:00:00+0000,54.99,55.35,28322241.0,55.48,54.5,1.0,0.0
1013,MSFT,2015-12-21T00:00:00+0000,54.88,54.83,37246325.0,55.35,54.2262,1.0,0.0
1014,MSFT,2015-12-18T00:00:00+0000,55.77,54.13,84684164.0,56.0,54.03,1.0,0.0
1015,MSFT,2015-12-17T00:00:00+0000,56.36,55.7,41280907.0,56.79,55.5348,1.0,0.0
1016,MSFT,2015-12-16T00:00:00+0000,55.54,56.13,37503300.0,56.245,54.76,1.0,0.0
1017,MSFT,2015-12-15T00:00:00+0000,55.66,55.2,39842998.0,55.9,55.09,1.0,0.0
1018,MSFT,2015-12-14T00:00:00+0000,54.33,55.14,47006491.0,55.21,53.68,1.0,0.0
1019,MSFT,2015-12-11T00:00:00+0000,54.71,54.06,39549497.0,55.1,54.01,1.0,0.0
1020,MSFT,2015-12-10T00:00:00+0000,55.39,55.27,31775826.0,55.655,55.01,1.0,0.0
1021,MSFT,2015-12-09T00:00:00+0000,55.37,54.98,36373209.0,55.87,54.51,1.0,0.0
1022,MSFT,2015-12-08T00:00:00+0000,55.47,55.79,32878026.0,56.1,54.99,1.0,0.0
1023,MSFT,2015-12-07T00:00:00+0000,55.79,55.81,30709765.0,55.97,55.29,1.0,0.0
1024,MSFT,2015-12-04T00:00:00+0000,54.12,55.91,43963662.0,56.23,54.1,1.0,0.0
1025,MSFT,2015-12-03T00:00:00+0000,55.49,54.2,38627835.0,55.77,53.93,1.0,0.0
1026,MSFT,2015-12-02T00:00:00+0000,55.32,55.21,47274879.0,55.96,55.06,1.0,0.0
1027,MSFT,2015-12-01T00:00:00+0000,54.41,55.22,39952779.0,55.23,54.3,1.0,0.0
1028,MSFT,2015-11-30T00:00:00+0000,54.54,54.35,56241417.0,54.96,53.9999,1.0,0.0
1029,MSFT,2015-11-27T00:00:00+0000,53.8,53.93,9009132.0,54.08,53.79,1.0,0.0
1030,MSFT,2015-11-25T00:00:00+0000,54.09,53.69,21005147.0,54.23,53.69,1.0,0.0
1031,MSFT,2015-11-24T00:00:00+0000,53.92,54.25,24600043.0,54.44,53.58,1.0,0.0
1032,MSFT,2015-11-23T00:00:00+0000,54.25,54.19,28235918.0,54.46,53.75,1.0,0.0
1033,MSFT,2015-11-20T00:00:00+0000,54.25,54.19,37147608.0,54.3,53.265,1.0,0.0
1034,MSFT,2015-11-19T00:00:00+0000,53.99,53.94,28149228.0,54.66,53.781,1.0,0.0
1035,MSFT,2015-11-18T00:00:00+0000,53.0,53.85,29710030.0,53.98,52.9799,1.0,0.0
1036,MSFT,2015-11-17T00:00:00+0000,53.17,52.97,31546754.0,53.53,52.85,1.0,0.36
1037,MSFT,2015-11-16T00:00:00+0000,53.08,53.765,32165198.0,53.89,52.85,1.0,0.0
1038,MSFT,2015-11-13T00:00:00+0000,53.07,52.84,36848175.0,53.29,52.53,1.0,0.0
1039,MSFT,2015-11-12T00:00:00+0000,53.48,53.32,35361095.0,53.9791,53.19,1.0,0.0
1040,MSFT,2015-11-11T00:00:00+0000,53.7,53.65,36516260.0,54.2,53.46,1.0,0.0
1041,MSFT,2015-11-10T00:00:00+0000,54.07,53.51,55283697.0,54.13,53.27,1.0,0.0
1042,MSFT,2015-11-09T00:00:00+0000,54.55,54.16,32513067.0,54.87,53.56,1.0,0.0
1043,MSFT,2015-11-06T00:00:00+0000,54.085,54.92,32851204.0,54.98,53.964,1.0,0.0
1044,MSFT,2015-11-05T00:00:00+0000,54.49,54.38,31468485.0,54.7,54.0,1.0,0.0
1045,MSFT,2015-11-04T00:00:00+0000,54.18,54.4,37087849.0,54.88,54.06,1.0,0.0
1046,MSFT,2015-11-03T00:00:00+0000,52.93,54.15,36596931.0,54.39,52.9,1.0,0.0
1047,MSFT,2015-11-02T00:00:00+0000,52.85,53.24,30284982.0,53.36,52.62,1.0,0.0
1048,MSFT,2015-10-30T00:00:00+0000,53.32,52.64,46619761.0,53.99,52.62,1.0,0.0
1049,MSFT,2015-10-29T00:00:00+0000,53.54,53.36,30202078.0,53.83,53.22,1.0,0.0
1050,MSFT,2015-10-28T00:00:00+0000,53.54,53.98,47000753.0,53.98,52.86,1.0,0.0
1051,MSFT,2015-10-27T00:00:00+0000,53.99,53.69,50999907.0,54.37,53.58,1.0,0.0
1052,MSFT,2015-10-26T00:00:00+0000,52.53,54.25,64633324.0,54.32,52.5,1.0,0.0
1053,MSFT,2015-10-23T00:00:00+0000,52.3,52.87,135227059.0,54.07,52.25,1.0,0.0
1054,MSFT,2015-10-22T00:00:00+0000,47.53,48.03,56637074.0,48.95,47.09,1.0,0.0
1055,MSFT,2015-10-21T00:00:00+0000,47.92,47.2,25264710.0,47.99,47.11,1.0,0.0
1056,MSFT,2015-10-20T00:00:00+0000,47.44,47.77,30802235.0,47.81,47.02,1.0,0.0
1057,MSFT,2015-10-19T00:00:00+0000,47.42,47.62,29387581.0,47.88,47.02,1.0,0.0
1058,MSFT,2015-10-16T00:00:00+0000,47.02,47.51,26450334.0,47.54,46.897,1.0,0.0
1059,MSFT,2015-10-15T00:00:00+0000,47.01,47.01,27189370.0,47.03,46.53,1.0,0.0
1060,MSFT,2015-10-14T00:00:00+0000,46.65,46.68,24697766.0,47.1,46.53,1.0,0.0
1061,MSFT,2015-10-13T00:00:00+0000,46.56,46.89,19987816.0,47.1299,46.56,1.0,0.0
1062,MSFT,2015-10-12T00:00:00+0000,46.98,47.0,19769066.0,47.07,46.5,1.0,0.0
1063,MSFT,2015-10-09T00:00:00+0000,47.45,47.11,28600632.0,47.54,46.92,1.0,0.0
1064,MSFT,2015-10-08T00:00:00+0000,46.56,47.45,33772709.0,47.515,46.5,1.0,0.0
1065,MSFT,2015-10-07T00:00:00+0000,47.1,46.8,27711492.0,47.35,45.95,1.0,0.0
1066,MSFT,2015-10-06T00:00:00+0000,46.33,46.75,27510808.0,47.175,46.22,1.0,0.0
1067,MSFT,2015-10-05T00:00:00+0000,45.745,46.63,34369286.0,46.89,45.7,1.0,0.0
1068,MSFT,2015-10-02T00:00:00+0000,44.27,45.57,41839035.0,45.57,43.92,1.0,0.0
1069,MSFT,2015-10-01T00:00:00+0000,44.75,44.61,28657859.0,44.75,43.75,1.0,0.0
1070,MSFT,2015-09-30T00:00:00+0000,43.88,44.26,33172693.0,44.3,43.66,1.0,0.0
1071,MSFT,2015-09-29T00:00:00+0000,43.37,43.44,32763557.0,43.57,43.05,1.0,0.0
1072,MSFT,2015-09-28T00:00:00+0000,43.83,43.29,27099680.0,44.085,43.205,1.0,0.0
1073,MSFT,2015-09-25T00:00:00+0000,44.48,43.94,29384601.0,44.73,43.76,1.0,0.0
1074,MSFT,2015-09-24T00:00:00+0000,43.45,43.91,27905607.0,44.13,43.27,1.0,0.0
1075,MSFT,2015-09-23T00:00:00+0000,43.93,43.87,17145238.0,44.17,43.51,1.0,0.0
1076,MSFT,2015-09-22T00:00:00+0000,43.38,43.9,28085903.0,44.05,43.31,1.0,0.0
1077,MSFT,2015-09-21T00:00:00+0000,43.62,44.11,26177224.0,44.47,43.6,1.0,0.0
1078,MSFT,2015-09-18T00:00:00+0000,43.5,43.48,63143684.0,43.99,43.33,1.0,0.0
1079,MSFT,2015-09-17T00:00:00+0000,44.29,44.25,32768161.0,45.0,44.08,1.0,0.0
1080,MSFT,2015-09-16T00:00:00+0000,43.97,44.3,23372162.0,44.38,43.84,1.0,0.0
1081,MSFT,2015-09-15T00:00:00+0000,43.19,43.98,28882206.0,44.29,43.08,1.0,0.0
1082,MSFT,2015-09-14T00:00:00+0000,43.43,43.04,23656048.0,43.44,42.86,1.0,0.0
1083,MSFT,2015-09-11T00:00:00+0000,43.14,43.48,27132527.0,43.59,42.9399,1.0,0.0
1084,MSFT,2015-09-10T00:00:00+0000,43.12,43.29,31366630.0,43.79,42.745,1.0,0.0
1085,MSFT,2015-09-09T00:00:00+0000,44.21,43.07,33469485.0,44.4,42.91,1.0,0.0
1086,MSFT,2015-09-08T00:00:00+0000,43.3,43.89,32469766.0,44.0,43.2,1.0,0.0
1087,MSFT,2015-09-04T00:00:00+0000,42.81,42.61,37138775.0,43.04,42.195,1.0,0.0
1088,MSFT,2015-09-03T00:00:00+0000,43.41,43.5,28285205.0,43.98,43.28,1.0,0.0
1089,MSFT,2015-09-02T00:00:00+0000,42.24,43.36,37671518.0,43.38,41.88,1.0,0.0
1090,MSFT,2015-09-01T00:00:00+0000,42.23,41.82,49688896.0,42.59,41.66,1.0,0.0
1091,MSFT,2015-08-31T00:00:00+0000,43.74,43.52,34441662.0,43.93,43.1,1.0,0.0
1092,MSFT,2015-08-28T00:00:00+0000,43.47,43.93,28246725.0,44.15,43.39,1.0,0.0
1093,MSFT,2015-08-27T00:00:00+0000,43.14,43.9,50943211.0,43.95,42.925,1.0,0.0
1094,MSFT,2015-08-26T00:00:00+0000,42.01,42.71,63407996.0,42.84,41.06,1.0,0.0
1095,MSFT,2015-08-25T00:00:00+0000,42.565,40.47,70616597.0,43.24,40.39,1.0,0.0
1096,MSFT,2015-08-24T00:00:00+0000,40.45,41.68,88753660.0,43.31,39.72,1.0,0.0
1097,MSFT,2015-08-21T00:00:00+0000,45.3,43.07,70053084.0,45.48,43.07,1.0,0.0
1098,MSFT,2015-08-20T00:00:00+0000,46.07,45.66,36238227.0,46.47,45.66,1.0,0.0
1099,MSFT,2015-08-19T00:00:00+0000,46.78,46.61,31485511.0,47.08,46.3,1.0,0.0
1100,MSFT,2015-08-18T00:00:00+0000,46.84,47.27,23574104.0,47.43,46.7,1.0,0.31
1101,MSFT,2015-08-17T00:00:00+0000,46.81,47.32,21099746.0,47.45,46.57,1.0,0.0
1102,MSFT,2015-08-14T00:00:00+0000,46.53,47.0,21473402.0,47.1,46.52,1.0,0.0
1103,MSFT,2015-08-13T00:00:00+0000,47.06,46.73,22627241.0,47.1,46.49,1.0,0.0
1104,MSFT,2015-08-12T00:00:00+0000,46.19,46.74,30198532.0,46.9,45.705,1.0,0.0
1105,MSFT,2015-08-11T00:00:00+0000,46.82,46.41,29237402.0,46.94,45.9,1.0,0.0
1106,MSFT,2015-08-10T00:00:00+0000,46.95,47.33,23079870.0,47.49,46.84,1.0,0.0
1107,MSFT,2015-08-07T00:00:00+0000,46.39,46.74,19163038.0,46.78,46.26,1.0,0.0
1108,MSFT,2015-08-06T00:00:00+0000,47.71,46.62,27368000.0,47.77,46.33,1.0,0.0
1109,MSFT,2015-08-05T00:00:00+0000,47.98,47.58,26739584.0,48.41,47.54,1.0,0.0
1110,MSFT,2015-08-04T00:00:00+0000,46.75,47.54,33403916.0,47.71,46.68,1.0,0.0
1111,MSFT,2015-08-03T00:00:00+0000,46.98,46.81,24125886.0,47.0,46.45,1.0,0.0
1112,MSFT,2015-07-31T00:00:00+0000,47.29,46.7,31201480.0,47.37,46.5,1.0,0.0
1113,MSFT,2015-07-30T00:00:00+0000,46.26,46.88,39777883.0,47.4,45.93,1.0,0.0
1114,MSFT,2015-07-29T00:00:00+0000,45.4,46.29,40945864.0,46.78,45.26,1.0,0.0
1115,MSFT,2015-07-28T00:00:00+0000,45.58,45.34,34328948.0,45.639,44.79,1.0,0.0
1116,MSFT,2015-07-27T00:00:00+0000,45.94,45.35,39701420.0,46.01,45.25,1.0,0.0
1117,MSFT,2015-07-24T00:00:00+0000,45.91,45.94,32333244.0,46.32,45.8,1.0,0.0
1118,MSFT,2015-07-23T00:00:00+0000,45.27,46.11,33934010.0,46.23,45.1,1.0,0.0
1119,MSFT,2015-07-22T00:00:00+0000,45.44,45.54,59152427.0,46.93,45.203,1.0,0.0
1120,MSFT,2015-07-21T00:00:00+0000,46.78,47.28,42781899.0,47.33,46.48,1.0,0.0
1121,MSFT,2015-07-20T00:00:00+0000,46.65,46.92,30631905.0,47.13,46.44,1.0,0.0
1122,MSFT,2015-07-17T00:00:00+0000,46.55,46.62,29467107.0,46.78,46.26,1.0,0.0
1123,MSFT,2015-07-16T00:00:00+0000,46.01,46.66,26271673.0,46.69,45.965,1.0,0.0
1124,MSFT,2015-07-15T00:00:00+0000,45.68,45.76,26629615.0,45.89,45.43,1.0,0.0
1125,MSFT,2015-07-14T00:00:00+0000,45.45,45.62,22880260.0,45.96,45.31,1.0,0.0
1126,MSFT,2015-07-13T00:00:00+0000,44.975,45.54,28178329.0,45.62,44.9501,1.0,0.0
1127,MSFT,2015-07-10T00:00:00+0000,45.01,44.61,25465757.0,45.14,44.57,1.0,0.0
1128,MSFT,2015-07-09T00:00:00+0000,44.75,44.52,32424672.0,45.22,44.5,1.0,0.0
1129,MSFT,2015-07-08T00:00:00+0000,44.44,44.24,39785901.0,44.9,44.03,1.0,0.0
1130,MSFT,2015-07-07T00:00:00+0000,44.34,44.3,36435827.0,44.49,43.32,1.0,0.0
1131,MSFT,2015-07-06T00:00:00+0000,43.96,44.39,23033961.0,44.48,43.95,1.0,0.0
1132,MSFT,2015-07-02T00:00:00+0000,44.48,44.4,21752013.0,44.75,44.06,1.0,0.0
1133,MSFT,2015-07-01T00:00:00+0000,44.46,44.445,28343907.0,45.23,44.1,1.0,0.0
1134,MSFT,2015-06-30T00:00:00+0000,44.71,44.15,35945384.0,44.72,43.94,1.0,0.0
1135,MSFT,2015-06-29T00:00:00+0000,45.04,44.37,34081746.0,45.23,44.36,1.0,0.0
1136,MSFT,2015-06-26T00:00:00+0000,45.65,45.26,49835287.0,46.28,45.03,1.0,0.0
1137,MSFT,2015-06-25T00:00:00+0000,46.03,45.65,20615995.0,46.06,45.5,1.0,0.0
1138,MSFT,2015-06-24T00:00:00+0000,45.67,45.635,34890901.0,46.245,45.55,1.0,0.0
1139,MSFT,2015-06-23T00:00:00+0000,46.13,45.91,25896473.0,46.28,45.62,1.0,0.0
1140,MSFT,2015-06-22T00:00:00+0000,46.33,46.23,20318055.0,46.72,46.16,1.0,0.0
1141,MSFT,2015-06-19T00:00:00+0000,46.79,46.1,63837036.0,46.825,45.99,1.0,0.0
1142,MSFT,2015-06-18T00:00:00+0000,46.22,46.72,32658343.0,46.8,46.17,1.0,0.0
1143,MSFT,2015-06-17T00:00:00+0000,45.73,45.97,28704061.0,46.07,45.36,1.0,0.0
1144,MSFT,2015-06-16T00:00:00+0000,45.35,45.83,27070306.0,46.24,45.3,1.0,0.0
1145,MSFT,2015-06-15T00:00:00+0000,45.45,45.475,33254517.0,45.65,45.0201,1.0,0.0
1146,MSFT,2015-06-12T00:00:00+0000,46.22,45.97,23930972.0,46.47,45.9,1.0,0.0
1147,MSFT,2015-06-11T00:00:00+0000,46.66,46.44,27347758.0,46.92,46.13,1.0,0.0
1148,MSFT,2015-06-10T00:00:00+0000,45.79,46.61,28417405.0,46.83,45.69,1.0,0.0
1149,MSFT,2015-06-09T00:00:00+0000,45.76,45.65,24406057.0,45.94,45.46,1.0,0.0
1150,MSFT,2015-06-08T00:00:00+0000,46.3,45.73,22121634.0,46.43,45.67,1.0,0.0
1151,MSFT,2015-06-05T00:00:00+0000,46.31,46.14,25438086.0,46.52,45.84,1.0,0.0
1152,MSFT,2015-06-04T00:00:00+0000,46.79,46.36,27745512.0,47.16,46.2,1.0,0.0
1153,MSFT,2015-06-03T00:00:00+0000,47.37,46.85,28002154.0,47.735,46.82,1.0,0.0
1154,MSFT,2015-06-02T00:00:00+0000,46.93,46.92,21498326.0,47.35,46.62,1.0,0.0
1155,MSFT,2015-06-01T00:00:00+0000,47.06,47.23,28837332.0,47.77,46.62,1.0,0.0
1156,MSFT,2015-05-29T00:00:00+0000,47.43,46.86,36519594.0,47.57,46.59,1.0,0.0
1157,MSFT,2015-05-28T00:00:00+0000,47.5,47.45,19283666.0,48.02,47.39,1.0,0.0
1158,MSFT,2015-05-27T00:00:00+0000,46.82,47.61,27335639.0,47.77,46.62,1.0,0.0
1159,MSFT,2015-05-26T00:00:00+0000,46.83,46.59,29581860.0,46.88,46.19,1.0,0.0
1160,MSFT,2015-05-22T00:00:00+0000,47.3,46.9,25720583.0,47.35,46.82,1.0,0.0
1161,MSFT,2015-05-21T00:00:00+0000,47.28,47.42,22410698.0,47.6,47.005,1.0,0.0
1162,MSFT,2015-05-20T00:00:00+0000,47.39,47.58,25047919.0,47.93,47.27,1.0,0.0
1163,MSFT,2015-05-19T00:00:00+0000,47.56,47.58,28574813.0,47.81,47.18,1.0,0.31
1164,MSFT,2015-05-18T00:00:00+0000,47.98,48.01,24136502.0,48.22,47.61,1.0,0.0
1165,MSFT,2015-05-15T00:00:00+0000,48.87,48.295,28642694.0,48.905,48.05,1.0,0.0
1166,MSFT,2015-05-14T00:00:00+0000,48.0301,48.72,32980892.0,48.82,48.03,1.0,0.0
1167,MSFT,2015-05-13T00:00:00+0000,48.19,47.625,34184613.0,48.32,47.57,1.0,0.0
1168,MSFT,2015-05-12T00:00:00+0000,46.85,47.35,29928264.0,47.68,46.42,1.0,0.0
1169,MSFT,2015-05-11T00:00:00+0000,47.55,47.37,24609416.0,47.91,47.37,1.0,0.0
1170,MSFT,2015-05-08T00:00:00+0000,47.55,47.75,35364911.0,47.98,47.52,1.0,0.0
1171,MSFT,2015-05-07T00:00:00+0000,46.27,46.7,32971654.0,47.085,46.16,1.0,0.0
1172,MSFT,2015-05-06T00:00:00+0000,47.57,46.28,52433020.0,47.77,46.02,1.0,0.0
1173,MSFT,2015-05-05T00:00:00+0000,47.82,47.6,50369191.0,48.16,47.31,1.0,0.0
1174,MSFT,2015-05-04T00:00:00+0000,48.37,48.24,34039485.0,48.87,48.18,1.0,0.0
1175,MSFT,2015-05-01T00:00:00+0000,48.58,48.655,38937336.0,48.875,48.4,1.0,0.0
1176,MSFT,2015-04-30T00:00:00+0000,48.7,48.64,64725457.0,49.54,48.6,1.0,0.0
1177,MSFT,2015-04-29T00:00:00+0000,48.72,49.06,47804562.0,49.31,48.5,1.0,0.0
1178,MSFT,2015-04-28T00:00:00+0000,47.78,49.155,60730778.0,49.21,47.7,1.0,0.0
1179,MSFT,2015-04-27T00:00:00+0000,47.23,48.03,59248172.0,48.13,47.22,1.0,0.0
1180,MSFT,2015-04-24T00:00:00+0000,45.66,47.87,130933665.0,48.14,45.65,1.0,0.0
1181,MSFT,2015-04-23T00:00:00+0000,42.89,43.34,46309530.0,43.61,42.8,1.0,0.0
1182,MSFT,2015-04-22T00:00:00+0000,42.67,42.985,25064273.0,43.13,42.55,1.0,0.0
1183,MSFT,2015-04-21T00:00:00+0000,43.0,42.635,26013844.0,43.15,42.53,1.0,0.0
1184,MSFT,2015-04-20T00:00:00+0000,41.73,42.905,46057733.0,43.17,41.68,1.0,0.0
1185,MSFT,2015-04-17T00:00:00+0000,41.67,41.615,42387608.0,41.74,41.16,1.0,0.0
1186,MSFT,2015-04-16T00:00:00+0000,41.95,42.16,22509652.0,42.34,41.82,1.0,0.0
1187,MSFT,2015-04-15T00:00:00+0000,41.76,42.255,27343581.0,42.46,41.68,1.0,0.0
1188,MSFT,2015-04-14T00:00:00+0000,41.8,41.65,24244382.0,42.03,41.39,1.0,0.0
1189,MSFT,2015-04-13T00:00:00+0000,41.4,41.76,30276692.0,42.06,41.39,1.0,0.0
1190,MSFT,2015-04-10T00:00:00+0000,41.63,41.72,28022002.0,41.95,41.41,1.0,0.0
1191,MSFT,2015-04-09T00:00:00+0000,41.25,41.48,25723861.0,41.62,41.25,1.0,0.0
1192,MSFT,2015-04-08T00:00:00+0000,41.46,41.42,24753438.0,41.69,41.04,1.0,0.0
1193,MSFT,2015-04-07T00:00:00+0000,41.61,41.53,28809375.0,41.91,41.31,1.0,0.0
1194,MSFT,2015-04-06T00:00:00+0000,40.34,41.545,39223692.0,41.78,40.18,1.0,0.0
1195,MSFT,2015-04-02T00:00:00+0000,40.66,40.29,37487476.0,40.74,40.12,1.0,0.0
1196,MSFT,2015-04-01T00:00:00+0000,40.6,40.72,36865322.0,40.76,40.31,1.0,0.0
1197,MSFT,2015-03-31T00:00:00+0000,40.78,40.655,34887219.0,41.03,40.54,1.0,0.0
1198,MSFT,2015-03-30T00:00:00+0000,41.1,40.96,35049662.0,41.54,40.91,1.0,0.0
1199,MSFT,2015-03-27T00:00:00+0000,41.12,40.97,34401398.0,41.43,40.83,1.0,0.0
1200,MSFT,2015-03-26T00:00:00+0000,41.22,41.21,37495627.0,41.61,40.92,1.0,0.0
1201,MSFT,2015-03-25T00:00:00+0000,42.92,41.46,43469907.0,42.925,41.44,1.0,0.0
1202,MSFT,2015-03-24T00:00:00+0000,42.78,42.9,25513252.0,43.17,42.75,1.0,0.0
1203,MSFT,2015-03-23T00:00:00+0000,42.88,42.855,26246086.0,43.13,42.78,1.0,0.0
1204,MSFT,2015-03-20T00:00:00+0000,42.56,42.88,71904529.0,42.98,42.49,1.0,0.0
1205,MSFT,2015-03-19T00:00:00+0000,42.26,42.285,33879066.0,42.59,42.22,1.0,0.0
1206,MSFT,2015-03-18T00:00:00+0000,41.43,42.5,44194771.0,42.83,41.33,1.0,0.0
1207,MSFT,2015-03-17T00:00:00+0000,41.37,41.695,31673448.0,41.83,41.15,1.0,0.0
1208,MSFT,2015-03-16T00:00:00+0000,41.47,41.56,35273452.0,41.64,41.28,1.0,0.0
1209,MSFT,2015-03-13T00:00:00+0000,40.7,41.38,58007705.0,41.47,40.61,1.0,0.0
1210,MSFT,2015-03-12T00:00:00+0000,41.33,41.02,59992502.0,41.65,40.86,1.0,0.0
1211,MSFT,2015-03-11T00:00:00+0000,42.31,41.98,32215314.0,42.37,41.84,1.0,0.0
1212,MSFT,2015-03-10T00:00:00+0000,42.35,42.03,39159730.0,42.71,42.03,1.0,0.0
1213,MSFT,2015-03-09T00:00:00+0000,42.19,42.85,32107957.0,43.125,42.19,1.0,0.0
1214,MSFT,2015-03-06T00:00:00+0000,43.0,42.36,36248785.0,43.11,42.15,1.0,0.0
1215,MSFT,2015-03-05T00:00:00+0000,43.07,43.11,23193541.0,43.24,42.82,1.0,0.0
1216,MSFT,2015-03-04T00:00:00+0000,43.01,43.055,25748692.0,43.21,42.88,1.0,0.0
1217,MSFT,2015-03-03T00:00:00+0000,43.56,43.28,31748648.0,43.825,43.09,1.0,0.0
1218,MSFT,2015-03-02T00:00:00+0000,43.67,43.88,31924049.0,44.19,43.55,1.0,0.0
1219,MSFT,2015-02-27T00:00:00+0000,44.13,43.85,33807740.0,44.2,43.66,1.0,0.0
1220,MSFT,2015-02-26T00:00:00+0000,43.99,44.055,28957329.0,44.23,43.89,1.0,0.0
1221,MSFT,2015-02-25T00:00:00+0000,43.95,43.99,29759820.0,44.09,43.8,1.0,0.0
1222,MSFT,2015-02-24T00:00:00+0000,44.15,44.09,25271747.0,44.3,43.92,1.0,0.0
1223,MSFT,2015-02-23T00:00:00+0000,43.7,44.15,32518754.0,44.19,43.65,1.0,0.0
1224,MSFT,2015-02-20T00:00:00+0000,43.51,43.855,29721133.0,43.88,43.29,1.0,0.0
1225,MSFT,2015-02-19T00:00:00+0000,43.18,43.5,27603420.0,43.5263,43.05,1.0,0.0
1226,MSFT,2015-02-18T00:00:00+0000,43.63,43.53,27111657.0,43.7,43.39,1.0,0.0
1227,MSFT,2015-02-17T00:00:00+0000,43.97,43.58,33695749.0,44.0,43.19,1.0,0.31
1228,MSFT,2015-02-13T00:00:00+0000,43.38,43.87,40264887.0,43.87,43.15,1.0,0.0
1229,MSFT,2015-02-12T00:00:00+0000,42.66,43.09,33268831.0,43.09,42.51,1.0,0.0
1230,MSFT,2015-02-11T00:00:00+0000,42.65,42.38,38262509.0,42.65,42.21,1.0,0.0
1231,MSFT,2015-02-10T00:00:00+0000,42.74,42.6,29670676.0,42.77,42.18,1.0,0.0
1232,MSFT,2015-02-09T00:00:00+0000,42.24,42.36,31381061.0,42.74,42.21,1.0,0.0
1233,MSFT,2015-02-06T00:00:00+0000,42.68,42.41,34616554.0,42.79,42.15,1.0,0.0
1234,MSFT,2015-02-05T00:00:00+0000,42.22,42.45,36548168.0,42.64,41.855,1.0,0.0
1235,MSFT,2015-02-04T00:00:00+0000,41.94,41.84,41614812.0,42.21,41.36,1.0,0.0
1236,MSFT,2015-02-03T00:00:00+0000,41.63,41.6,52082448.0,41.93,41.045,1.0,0.0
1237,MSFT,2015-02-02T00:00:00+0000,40.59,41.28,50352532.0,41.37,40.23,1.0,0.0
1238,MSFT,2015-01-30T00:00:00+0000,41.55,40.4,78004944.0,41.58,40.35,1.0,0.0
1239,MSFT,2015-01-29T00:00:00+0000,40.93,42.01,63585273.0,42.12,40.79,1.0,0.0
1240,MSFT,2015-01-28T00:00:00+0000,42.74,41.19,84507078.0,42.79,41.16,1.0,0.0
1241,MSFT,2015-01-27T00:00:00+0000,42.95,42.66,169163953.0,43.2,42.105,1.0,0.0
1242,MSFT,2015-01-26T00:00:00+0000,47.0,47.01,42525530.0,47.1339,46.2399,1.0,0.0
1243,MSFT,2015-01-23T00:00:00+0000,47.36,47.18,26211594.0,47.39,46.8,1.0,0.0
1244,MSFT,2015-01-22T00:00:00+0000,46.38,47.13,35898035.0,47.135,46.08,1.0,0.0
1245,MSFT,2015-01-21T00:00:00+0000,45.94,45.92,39081143.0,46.14,45.48,1.0,0.0
1246,MSFT,2015-01-20T00:00:00+0000,46.3,46.39,36161860.0,46.65,45.57,1.0,0.0
1247,MSFT,2015-01-16T00:00:00+0000,45.31,46.24,35695289.0,46.28,45.17,1.0,0.0
1248,MSFT,2015-01-15T00:00:00+0000,46.22,45.48,32750779.0,46.38,45.41,1.0,0.0
1249,MSFT,2015-01-14T00:00:00+0000,45.96,45.955,29719580.0,46.24,45.62,1.0,0.0
1250,MSFT,2015-01-13T00:00:00+0000,46.97,46.355,35270601.0,47.91,46.06,1.0,0.0
1251,MSFT,2015-01-12T00:00:00+0000,47.42,46.6,23651887.0,47.54,46.36,1.0,0.0
1252,MSFT,2015-01-09T00:00:00+0000,47.61,47.19,23715642.0,47.82,46.9,1.0,0.0
1253,MSFT,2015-01-08T00:00:00+0000,46.75,47.59,29645202.0,47.7499,46.72,1.0,0.0
1254,MSFT,2015-01-07T00:00:00+0000,45.98,46.23,29114061.0,46.46,45.49,1.0,0.0
1255,MSFT,2015-01-06T00:00:00+0000,46.38,45.65,36447854.0,46.749,45.54,1.0,0.0
1256,MSFT,2015-01-05T00:00:00+0000,46.37,46.325,39673865.0,46.73,46.25,1.0,0.0
1257,MSFT,2015-01-02T00:00:00+0000,46.66,46.76,27913852.0,47.42,46.54,1.0,0.0
